ID_RMC,Presupuesto,2016,2017,2018,2019,2020,2021,2022
11-E007,Ejercido,335.22463652799865,326.7986934161271,325.85081089363734,318.11225526129135,323.98023591375886,320.3814477090304,340.12632532602214
11-E010,Ejercido,451.04191453480917,420.0299953524439,424.89669835370563,431.53318436279045,435.9159137815487,441.0375854092621,433.363782687649
11-E013,Ejercido,9.319973091052509,6.459294602678197,8.46206465977024,6.465932368989355,7.851798720576998,8.652393372808135,8.061329224030283
11-E017,Ejercido,5.6331723217106555,5.261512082546001,6.606880495202549,5.474785407776616,5.440448870669656,6.103337313462124,5.460766042610866
11-E021,Ejercido,128.08238112597365,126.59918530673247,126.2156836696278,122.46759495645327,123.23525639903994,127.37038710553401,128.56172235030178
11-E039,Ejercido,0.04584699335809258,0.425078584152812,0.43461603815964683,0.09510493082597032,0.1418400504482486,0.2224487894733283,0.27852551904821427
11-E047,Ejercido,2.316142975864098,3.970111872829293,3.9322952406963427,2.8864481593686087,3.995020777875916,2.5255171481592047,3.258297613250963
11-E064,Ejercido,19.962225201115764,15.438868455767583,21.467393362164426,17.311698819775888,17.08357592528497,18.8649396358231,19.139450226705204
11-E066,Ejercido,37.07124782295477,32.51078446973443,36.52687597587027,35.1968703562643,31.364692271663586,33.152184975921934,38.364375386898615
11-S243,Ejercido,58.30049153109373,42.92953978160461,50.87332717768148,30.714027477295048,43.65159883026817,54.75840294376785,52.8218255387893
11-S247,Ejercido,5.0191892284675115,5.772172410858128,8.834544057471417,3.522455656523887,4.5079109901702346,4.206340015380243,7.505288514553154
11-S270,Ejercido,4.781165286826692,4.760055169147641,5.763579192930466,5.340336174884672,5.404831029274534,5.052093747687591,4.706055622352033
11-U006,Ejercido,747.2382554620219,715.7366146939379,739.6388918311991,735.4928375818646,746.9636125822957,747.495491807621,723.6240971358671
11-U080,Ejercido,148.4391344966098,205.10680424749552,218.45820342811282,196.33194059652612,140.53776958946546,211.131392368031,170.39622036246857
12-E010,Ejercido,34.64444662843561,32.178827004949376,33.25021768285977,32.45706936956011,32.32832470116064,32.8837879124108,34.481770350694354
12-E022,Ejercido,19.30899391930285,17.14032690365019,18.433651303086375,17.678649081425714,18.55602259561268,18.882440252462384,18.106794589252598
12-E023,Ejercido,265.7526806016088,232.77502420249715,210.4686740400264,180.11345431599088,177.56639609175062,261.2353198379148,257.7465761607555
12-E025,Ejercido,10.289440139821638,10.051538009895717,10.527364630792029,10.367591030812568,10.435348825940274,10.309856220757446,10.147899934197728
12-E036,Ejercido,38.828760374769125,29.239944262663883,27.543355871625202,18.861643238749277,32.852871132781594,38.579750252434074,30.83238462787018
12-E040,Ejercido,14.368604355965124,11.516603473534728,9.162414027357519,8.000673841631182,8.854792377879582,16.81661052012911,10.937806874728171
12-E041,Ejercido,0.8810345687212958,0.5868804865030893,0.6692642097530633,0.729691461214019,0.7228239174115664,0.7331983938792835,0.7656360612509978
12-S039,Ejercido,0.0,1.021847367476142,1.2450303937440808,0.1882239666814272,0.3462927380598936,0.4816305872270767,0.6467551794228799
12-S200,Ejercido,7.09470946901196,6.349305750390387,6.955889782623981,6.313744508817665,6.013516844143359,8.416673642420825,6.030588520485202
14-E003,Ejercido,2.824887638966452,3.665394995064475,4.446639815738618,3.751471763459095,3.8657345056729033,2.5541926550967933,3.7593243023001395
14-E004,Ejercido,0.2167688254305707,0.5337375387684953,0.5542460640003553,0.40299033321346556,0.2750311848558115,0.35283180130749286,0.4304442767860864
14-S043,Ejercido,9.091859093173497,2.3219938300070986,6.364698045668134,5.72563922465684,4.295877184392553,5.6721063279452695,7.548057714973234
16-S046,Ejercido,1.8684430027551522,1.697217779866361,1.8534954210871175,1.7982329028226178,1.3468831835892838,1.4804062881624604,2.1818547430570283
16-S074,Ejercido,58.934509256094636,18.118796617699978,22.143855989447037,19.498094978154516,28.881626867926865,36.820398628056445,44.220850956363634
16-S217,Ejercido,28.849212591257622,14.442197061944269,17.392277126928448,20.99066752338328,16.348263922662984,16.377024848197387,27.90733180184401
19-S038,Ejercido,108.55362129854906,108.29962706066179,103.31764424825268,95.08332098242936,97.28608814824483,90.4252560324735,122.48038735067709
20-E003,Ejercido,2.6060743828995,2.474071802679417,2.6738498495003387,2.3982288040999493,2.280485042361865,2.5135916862970245,2.710849396200584
20-E016,Ejercido,1.4046229945980995,0.5905242630998658,0.02336836103949891,0.12458474160886852,0.4097103296260036,0.9573164624097517,1.0313142055293387
20-S174,Ejercido,24.18568961215728,25.960476584867155,28.584413188692057,15.790262900013898,17.306891722546418,24.844609658006064,28.688774718779865
38-E003,Ejercido,47.3298435408692,40.51355555817466,41.38323244991683,41.160881210104655,41.66462982402734,44.0495316951946,44.87872699148567
38-S190,Ejercido,80.35905060882601,80.95745336075146,77.46946969819525,79.61412820582905,78.54929201757982,77.77758357745917,82.11902302455931
38-S191,Ejercido,48.46828385173945,47.73761830450435,47.84762238263338,48.26570651393273,48.3860470209166,47.755831926005406,48.27666655797764
47-S010,Ejercido,2.509399393419032,2.9738329264192465,2.5966873473074896,2.6414040397597125,1.9750545015856817,2.756925008805524,2.8612156204021146
47-S178,Ejercido,10.024697047540942,11.02213054221127,10.81162781985404,9.955091202275534,11.037419218894435,10.984040427676145,9.974826657550883
47-S249,Ejercido,11.164257728043623,5.352487529619281,5.746976386301271,6.424582139464799,1.4109641104947335,9.885606517304769,9.58751582818881
50-E001,Ejercido,40.10017984041835,44.82916872590675,43.82907466055539,45.30867511693678,39.235555716436934,43.231734183751136,42.6963091832282
50-E003,Ejercido,10.169524835385179,8.885527970492635,9.130140647136125,9.034850319075424,9.45906101502466,9.572227260184947,9.60208518629412
50-E007,Ejercido,86.00356456172719,85.89649468999635,87.23347752555617,92.69159720920378,90.79410796915121,80.87094272560138,88.16705572345873
50-E011,Ejercido,1922.275289598971,1862.7375761774363,1826.2344873279478,1784.4659136195487,1871.1973621691782,1893.062299287432,1887.0711825785631
50-E012,Ejercido,13.483862786257896,15.450839258300801,14.731628593271584,14.253299821911138,12.176900924181156,13.863737196275979,15.393506717304577
51-E018,Ejercido,108.41389092496291,110.09590025709387,96.99658020021977,128.9340153937021,156.18980606349768,70.35302265452061,115.17806737225234
51-E036,Ejercido,0.1508206178178424,0.2255777663426456,0.2512916023297456,0.22700873326365223,0.2565711693543,0.38779809489266903,0.040913876442975165
51-E042,Ejercido,0.14928749215688344,0.22506142994043507,0.24763659691027406,0.22337151162377492,0.2522915446038827,0.3841347434565611,0.04168696724826312
51-E043,Ejercido,22.915678618698013,17.913808070228885,40.658788041075645,34.103934761772294,31.00091016017456,25.760157953156572,20.90407132371325
51-E044,Ejercido,256.59490004635734,252.36933869851433,228.19619144373405,257.2257025926889,267.3326151288616,201.63700556387562,277.37098090774055
