0,1,2,3,4,5,6,7,8,9,10,11,12,13,14,15,16,17,18,19,20,21,22,23,24,25,26,27,28,29,30,31,32,33,34,35,36,37,38,39,40,41
0.2235019647745987,0.22297512473126088,0.22226047428066809,0.22167103076824493,0.22118175280635793,0.22054222651866703,0.219890179537159,0.21930073602473604,0.218711292512313,0.21803420414317132,0.21756996756891794,0.21690539989359306,0.21617822874918335,0.21558878523676023,0.2150118624181542,0.2143848568242802,0.21385801678094218,0.21335621812523808,0.21270417114373008,0.212189851794209,0.21151276342506725,0.21088575783119318,0.2101711073806003,0.20955662248054338,0.20894213758048635,0.2084027768433313,0.20780081263709135,0.20733657606283815,0.2067095704689642,0.2060950855689072,0.20551816275030127,0.2049537606255121,0.20437683780690602,0.2037999149883002,0.2032605542511451,0.202633548657271,0.20208166722629908,0.20146718232624206,0.20086521812000208,0.20027577460757914,0.19971137248279003,0.19902176341983124
0.2235019647745987,0.2228248764054569,0.2222354328930341,0.22163346868679393,0.22104402517437108,0.22034189541759525,0.21967732774227028,0.21913796700511523,0.21851096141124124,0.21788395581736755,0.21728199161112718,0.21669254809870406,0.21620327013681728,0.21552618176767532,0.21492421756143532,0.21432225335519536,0.21375785123040628,0.2131058042488984,0.21257896420556027,0.2120771655498561,0.21146268064979928,0.21079811297447423,0.21029631431877022,0.20970687080634717,0.20909238590629017,0.20847790100623326,0.20782585402472523,0.20718632773703427,0.20645915659262445,0.20594483724310333,0.2054054765059484,0.20475342952444056,0.2041389446243835,0.20353698041814347,0.2028724127428186,0.20233305200566346,0.20166848433033865,0.20107904081791556,0.20045203522404167,0.19973738477344882,0.1991228998733918,0.19845833219806702
0.2235019647745987,0.22283739709927397,0.22213526734249825,0.2214957410548071,0.22100646309292024,0.22032937472377825,0.21970236912990435,0.2191504876989321,0.2184733993297903,0.21788395581736758,0.21713174328532364,0.21649221699763255,0.21591529417902677,0.21527576789133568,0.21468632437891264,0.21413444294794057,0.2135950822107855,0.21295555592309456,0.21229098824776965,0.21171406542916357,0.21122478746727646,0.21054769909813448,0.20994573489189466,0.2094439362361905,0.20877936856086554,0.20825252851752757,0.20773820916800642,0.20704860010504744,0.20643411520499055,0.2057945889172996,0.20518010401724254,0.20462822258627056,0.20405129976766445,0.20332412862325472,0.20264704025411273,0.20195743119115384,0.20130538420964603,0.20071594069722296,0.20005137302189804,0.19941184673420725,0.19891004807850304,0.1983206045660801
0.2235019647745987,0.22288747987454186,0.22228551566830201,0.22163346868679387,0.2210189837867372,0.22050466443721597,0.21994026231242686,0.2194760257381737,0.21892414430720167,0.2183347007947788,0.2177202158947216,0.2170055654441287,0.21636603915643818,0.21567643009347917,0.2150619451934221,0.21445998098718227,0.21390809955621023,0.21330613534997014,0.2126540883684621,0.21205212416222227,0.21162544966942004,0.21091079921882702,0.2105091661136589,0.209919722601236,0.2093427997826298,0.20882848043310884,0.20836424385885569,0.2077372382649817,0.20714779475255868,0.20657087193395252,0.20603151119679744,0.20540450560292353,0.20467733445851372,0.2041129323337248,0.20352348882130186,0.20287144183979372,0.2023320811026387,0.20173011689639875,0.20114067338397568,0.20050114709628467,0.19993674497149566,0.19925965660235398
0.2235019647745987,0.22293756264980985,0.222310557055936,0.22168355146206184,0.22104402517437108,0.22042954027431425,0.2198526174557081,0.21920057047420016,0.21861112696177706,0.2179465592864524,0.2173696364678461,0.21675515156778907,0.21615318736154937,0.21558878523676028,0.21509950727487306,0.2144599809871823,0.21383297539330814,0.21319344910561724,0.21261652628701122,0.21206464485603913,0.21142511856834822,0.2107730715868402,0.21017110738060021,0.20954410178672636,0.20889205480521833,0.20837773545569743,0.20778829194327433,0.20712372426794937,0.2066094049184283,0.20610760626272412,0.2054931213626672,0.20486611576879332,0.20430171364400423,0.20366218735631356,0.2030226610686224,0.20238313478093134,0.20170604641178952,0.2011166028993667,0.20048959730549268,0.19985007101780153,0.19922306542392756,0.1985835391362368
0.2235019647745987,0.22292504195599286,0.22238568121883798,0.22179623770641477,0.2212318355816258,0.22069247484447063,0.2201405934134987,0.21943846365672293,0.21889910291956782,0.2183096594071449,0.2176951745070876,0.21700556544412886,0.21631595638117024,0.21567643009347912,0.21506194519342206,0.21449754306863306,0.21393314094384408,0.21339378020668914,0.21287946085716794,0.21231505873237888,0.21165049105705402,0.210985923381729,0.21040900056312306,0.209844598438334,0.20925515492591093,0.20870327349493897,0.20816391275778387,0.2075118657762758,0.20688486018240201,0.2063955822205148,0.2058812628709938,0.20531686074620464,0.2047775000090495,0.2041004116399078,0.20346088535221668,0.20282135906452572,0.2022068741644689,0.20159238926441198,0.20101546644580595,0.20035089877048093,0.19981153803332585,0.19913444966418412
0.2235019647745987,0.22291252126217587,0.22229803636211912,0.2217711963187808,0.22110662864345604,0.2204671023557651,0.21982757606807415,0.2191880497803831,0.21856104418650918,0.21792151789881853,0.21729451230494434,0.2166675067110702,0.21602798042337948,0.21542601621713942,0.21483657270471634,0.21425964988611046,0.21372028914895544,0.21323101118706822,0.21264156767464518,0.21206464485603915,0.2114877220374332,0.21081063366829114,0.21020866946205133,0.2094940190114585,0.20890457549903538,0.20835269406806348,0.2077757712494574,0.2070736414926814,0.20639655312353952,0.2057695475296656,0.2051300212419747,0.20454057772955167,0.20396365491094548,0.2033867320923398,0.2027346851108318,0.20204507604787278,0.20144311184163294,0.2009037511044778,0.2003268282858718,0.19972486407963175,0.19909785848575787,0.19839572872898206
0.2235019647745987,0.22286243848690784,0.2222855156683021,0.2217586756249638,0.22123183558162596,0.22064239206920291,0.21999034508769494,0.21930073602473604,0.21869877181849603,0.21815941108134104,0.21751988479364992,0.21686783781214206,0.21626587360590224,0.21571399217493004,0.21507446588723902,0.21454762584390108,0.21402078580056302,0.21350646645104188,0.21294206432625284,0.21236514150764674,0.2118508221581256,0.21127389933951954,0.2107094972147306,0.2101576157837587,0.20949304810843367,0.2088660425145597,0.20830164038977078,0.2077748003464327,0.20714779475255862,0.20653330985250162,0.20591882495244473,0.20536694352147272,0.20484010347813442,0.2042005771904437,0.20353600951511872,0.2030216901655976,0.20240720526554065,0.20176767897784964,0.2011406733839758,0.20052618848391876,0.19979901733950883,0.19922209452090292
0.2235019647745987,0.22286243848690787,0.22236063983120397,0.2217962377064147,0.22116923211254094,0.2205046644372161,0.21996530370006095,0.21936333949382095,0.21872381320612994,0.21805924553080533,0.21743223993693112,0.21691792058740994,0.21631595638117013,0.2156513887058452,0.21504942449960518,0.21445998098718216,0.21388305816857614,0.21324353188088516,0.21279181600044889,0.21201456208077116,0.21142511856834825,0.21076055089302326,0.2101085039115154,0.20954410178672656,0.20887953411140145,0.2081398422731747,0.2074377125163987,0.2069108724730607,0.20629638757300384,0.20563181989767884,0.20511750054815786,0.20459066050481975,0.20391357213567773,0.20327404584798697,0.20265956094792995,0.20199499327260484,0.20139302906636494,0.20074098208485702,0.20005137302189813,0.19941184673420714,0.1988599653032351,0.19832060456608017
0.2235019647745987,0.22283739709927392,0.2222229121992172,0.22154582383007504,0.22103150448055411,0.2204545816619482,0.21986513814952505,0.2193508188000039,0.21866120973704498,0.21812184899989012,0.2174572813245651,0.21681775503687414,0.21614066666773243,0.21558878523676026,0.21494925894906922,0.2143222533551954,0.21367020637368747,0.21311832494271535,0.21259148489937718,0.21195195861168636,0.21133747371162948,0.21076055089302329,0.21014606599296634,0.2096067052558113,0.20905482382483903,0.20845285961859925,0.20793854026907813,0.20729901398138703,0.20677217393804898,0.20609508556890715,0.2054305178935823,0.20496628131932912,0.20427667225637008,0.20367470805013027,0.20306022315007333,0.20248330033146722,0.20189385681904437,0.2013670167757062,0.20079009395710026,0.20020065044467705,0.19953608276935214,0.1989716806445634
0.2235019647745987,0.22283739709927397,0.22218535011776613,0.22165851007442797,0.2208562147671163,0.22021668847942544,0.2195646414979175,0.21897519798549428,0.21831063031016942,0.21775874887919766,0.21715678467295743,0.21665498601725333,0.21600293903574563,0.2153759334418716,0.21476144854181448,0.21427217057992734,0.21375785123040633,0.21319344910561727,0.21260400559319417,0.21197699999932024,0.21140007718071427,0.21074803019920615,0.21022119015586824,0.20966930872489636,0.20911742729392407,0.20857806655676922,0.2079761023505292,0.2073365760628382,0.20670957046896432,0.20605752348745632,0.20550564205648428,0.20482855368734235,0.2041890273996513,0.20361210458104545,0.2030101403748055,0.2023706140871144,0.20176864988087437,0.20107904081791556,0.2003894317549567,0.19968730199818074,0.19907281709812377,0.1983331252598971
0.2235019647745987,0.22283739709927397,0.22217282942394917,0.22155834452389198,0.22094385962383523,0.22035441611141224,0.2198025346804401,0.21920057047420005,0.21857356488032617,0.2178589144297336,0.2171943467544085,0.2165548204667174,0.21585269070994179,0.21516308164698283,0.21458615882837676,0.2140342773974048,0.21354499943551775,0.2128929524540097,0.21227846755395258,0.2117516275106147,0.21109958052910666,0.2104976163228666,0.2098330486475417,0.2092060430536678,0.20865416162269565,0.20802715602882185,0.20740015043494783,0.2067355827596228,0.20603345300284703,0.20546905087805797,0.20480448320273312,0.2042150396903101,0.2035003892397172,0.20279825948294156,0.2021962952767015,0.20151920690755942,0.20097984617040443,0.2002777164136286,0.19966323151357165,0.19893606036916175,0.19823393061238584,0.19765700779378
0.2235019647745987,0.22287495918072486,0.22221039150540026,0.22153330313625813,0.22074352852276344,0.22010400223507248,0.2193643103968457,0.2186997427215207,0.21803517504619585,0.2173956487585051,0.21679368455226483,0.216079034101672,0.21532682156962837,0.21473737805720527,0.21421053801386716,0.21368369797052908,0.2130692130704721,0.2124797695580492,0.21201553298379597,0.21137600669610493,0.21078656318368202,0.2101971196712589,0.20945742783303223,0.2089931912587791,0.20839122705253904,0.20773918007103118,0.20714973655860816,0.206660458596721,0.2060209323090301,0.20540644740897307,0.20480448320273328,0.20431520524084593,0.20377584450369085,0.203148838909817,0.20245922984685805,0.20185726564061807,0.20131790490346302,0.20074098208485705,0.20011397649098303,0.1994368881218411,0.19884744460941803,0.1981703562402763
0.2235019647745987,0.2230502488941628,0.2224482846879229,0.2217711963187808,0.221169232112541,0.22050466443721603,0.21990270023097594,0.21927569463710203,0.21863616834941108,0.21802168344935427,0.2173946778554801,0.21679271364924013,0.21602798042337956,0.21536341274805454,0.21472388646036364,0.21415948433557466,0.21355752012933446,0.2129430352292776,0.2122909882477696,0.21172658612298048,0.21106201844765568,0.21042249215996459,0.20993321419807764,0.20918100166603387,0.20861659954124476,0.20793951117210294,0.20741267112876488,0.20692339316687763,0.2064090738173566,0.20586971308020147,0.2053053109554125,0.20470334674917254,0.2039636549109456,0.2034493355614247,0.20283485066136758,0.20223288645512752,0.20170604641178955,0.2012418098375363,0.2006148042436623,0.20000031934360546,0.19934827236209746,0.19879639093112544
0.2235019647745987,0.2228248764054569,0.22228551566830201,0.22165851007442794,0.22100646309292013,0.2203168540299613,0.2197023691299043,0.2190378014545793,0.2183481923916204,0.21775874887919766,0.21716930536677442,0.21657986185435124,0.21605302181101346,0.21556374384912627,0.21498682103052025,0.21451006376245016,0.21399574441292898,0.21335621812523808,0.2128043366942659,0.21230253803856175,0.21168805313850506,0.2111862544828007,0.21063437305182872,0.2101325743961247,0.20955565157751863,0.20895368737127865,0.20832668177740465,0.2078499245093344,0.20721039822164344,0.20663347540303748,0.2061441974411503,0.2054796297658255,0.20475245862141558,0.20417553580280973,0.2035986129842037,0.2030342108594145,0.20244476734699154,0.20186784452838552,0.20121579754687766,0.20058879195300375,0.19991170358386182,0.19927217729617094
0.2235019647745987,0.22296260403744386,0.22236063983120397,0.2217711963187807,0.22121931488780888,0.22067995415065383,0.2200654692505969,0.21940090157527187,0.21882397875666584,0.21823453524424305,0.21753240548746697,0.21690539989359295,0.21636603915643807,0.21573903356256402,0.2152372349068598,0.21463527070062008,0.21402078580056302,0.21359411130776076,0.21300466779533772,0.21244026567054866,0.21175065660758988,0.21117373378898377,0.21042152125693994,0.209894681213602,0.209230113538277,0.20860310794440312,0.2081639127577839,0.2076621141020798,0.2070726705896568,0.20648322707723374,0.20598142842152967,0.20545458837819158,0.20484010347813444,0.2043132634347965,0.2038114647790924,0.20318445918521827,0.20256997428516146,0.20198053077273848,0.20132848379123053,0.20078912305407542,0.20004943121584848,0.19940990492815783
0.2235019647745987,0.22282487640545695,0.22221039150540015,0.22160842729915992,0.22090629754238428,0.22037945749904617,0.21973993121135524,0.21918804978038314,0.218648689043228,0.2179966420617203,0.21741971924311407,0.216817755036874,0.21626587360590233,0.21570147148111318,0.2151370693563241,0.21462275000680298,0.21404582718819698,0.21354402853249277,0.2128794608571678,0.21223993456947685,0.21161292897560302,0.21106104754463087,0.21044656264457395,0.20980703635688308,0.20915498937537508,0.20839025614951434,0.20783837471854213,0.20728649328757023,0.20677217393804906,0.20618273042562596,0.20565589038228793,0.20510400895131597,0.20456464821416076,0.20392512192647005,0.20337324049549796,0.20272119351398987,0.20201906375721415,0.20137953746952303,0.2007650525694663,0.2001255262817752,0.19954860346316913,0.19894663925692938
0.2235019647745987,0.22279983501782297,0.22223543289303416,0.221620947992977,0.22101898378673707,0.22042954027431402,0.21982757606807407,0.21923813255565106,0.21848592002360728,0.21788395581736755,0.21726947091731033,0.21664246532343628,0.2160029390357455,0.21550114038004137,0.21508698658105616,0.21447250168099924,0.21387053747475915,0.21336873881905496,0.21285441946953376,0.21235262081382986,0.21190090493339372,0.21137406489005542,0.2107220179085477,0.21010753300849072,0.20951808949606757,0.20882848043310878,0.20823903692068588,0.20756194855154375,0.20687233948858494,0.2063830615266979,0.20589378356481078,0.2051916538080349,0.2045270861327099,0.20377487360066623,0.2031478680067921,0.20254590380055199,0.2017686498808746,0.20111660289936656,0.2004645559178585,0.19977494685489966,0.19902273432285583,0.19845833219806697
0.2235019647745987,0.22293756264980988,0.22233559844357004,0.22173363423732984,0.22110662864345604,0.22046710235576503,0.21987765884334207,0.21932577741236994,0.21864868904322812,0.21799664206172037,0.21735711577402925,0.21671758948633815,0.21617822874918347,0.21543853691095646,0.21494925894906922,0.2141845257232086,0.2136451649860534,0.21316840771798326,0.21262904698082818,0.21208968624367297,0.21160040828178606,0.210948361300278,0.21025875223731924,0.20974443288779812,0.20911742729392405,0.20845285961859922,0.20781333333090832,0.20722388981848533,0.2067095704689642,0.20613264765035816,0.20561832830083712,0.20506644686986505,0.2044770033574419,0.20381243568211715,0.2031603887006092,0.2025459038005521,0.20199402236958022,0.20131693400043824,0.20068992840656427,0.20013804697559212,0.19951104138171818,0.19888403578784444
0.2235019647745987,0.2229000005683589,0.22237316052502107,0.22168355146206195,0.22099394239910317,0.22044206096813115,0.21980253468044011,0.2192005704742003,0.2187238132061301,0.21805924553080522,0.21749484340601605,0.21685531711832504,0.2163284770749871,0.21577659564401497,0.21517463143777493,0.21463527070062,0.21418355482018367,0.2136066320015778,0.21311735403969062,0.21257799330253543,0.21202611187156356,0.21147423044059138,0.21089730762198555,0.21027030202811145,0.20963077574042044,0.2089912494527296,0.20847693010320853,0.2078248831217005,0.2072730016907285,0.20660843401540357,0.20598142842152964,0.20540450560292356,0.20467733445851358,0.20408789094609084,0.2034734060460337,0.20277127628925767,0.20216931208301803,0.20152978579532704,0.20092782158908695,0.20026325391376212,0.199661289707522,0.19908436688891612
0.2235019647745987,0.2229000005683589,0.2222103915054001,0.221545823830075,0.22083117337948227,0.22021668847942538,0.21961472427318543,0.21895015659786046,0.2182605475349016,0.21767110402247877,0.21709418120387258,0.21650473769144937,0.21581512862849084,0.2153008092789697,0.21474892784799746,0.2140593187850387,0.2134323131911648,0.21274270412820592,0.21220334339105076,0.21162642057244468,0.21104949775383874,0.2104600542414157,0.20983304864754174,0.20924360513511892,0.20879188925468234,0.20812732157935762,0.2075253573731177,0.20683574831015877,0.20635899104208857,0.2057069440605806,0.2050548970790728,0.20450301564810064,0.20402625838003055,0.20349941833669263,0.20293501621190355,0.20237061408711443,0.20178117057469144,0.20130441330662127,0.20065236632511346,0.2000003193436054,0.19934827236209743,0.19860858052387087
0.2235019647745987,0.22293756264980982,0.2222855156683021,0.22174615493114683,0.22109410794963902,0.22041701958049711,0.21980253468044014,0.21922561186183415,0.21862364765559417,0.21802168344935421,0.2173070329987612,0.2166925480987043,0.21602798042337948,0.21537593344187148,0.21482405201089935,0.21425964988611046,0.21373280984277232,0.21313084563653242,0.21270417114373003,0.2120771655498562,0.21148772203743316,0.21096088199409502,0.21045908333839097,0.21003240884558874,0.20940540325171472,0.20880343904547483,0.20825155761450276,0.20768715548971375,0.20712275336492467,0.2064957477710507,0.20593134564626175,0.20529181935857072,0.2047775000090495,0.20426318065952864,0.20372381992237357,0.20307177294086545,0.20254493289752756,0.20194296869128744,0.20144117003558334,0.20078912305407542,0.20011203468493347,0.19945998770342566
0.2235019647745987,0.22288747987454186,0.22227299497448502,0.221583385911526,0.22101898378673712,0.22039197819286327,0.21976497259898925,0.21916300839274913,0.21856104418650918,0.2179716006740864,0.21745728132456507,0.21681775503687412,0.21617822874918352,0.2155887852367603,0.2149242175614353,0.21435981543664628,0.21375785123040636,0.2131809284118004,0.21260400559319423,0.21212724832512403,0.21157536689415207,0.210998444075546,0.2103839591754891,0.20973191219398124,0.20910490660010703,0.20854050447531816,0.2078508954123593,0.20729901398138714,0.20678469463186608,0.206257854588528,0.20564336968847105,0.20509148825749896,0.2045521275203438,0.20395016331410404,0.20331063702641292,0.2026711107387219,0.20208166722629908,0.20151726510151005,0.20086521812000213,0.20028829530139608,0.19961120693225415,0.19903428411364818
0.2235019647745987,0.22293756264980982,0.22233559844357,0.22168355146206184,0.221094107949639,0.22045458166194806,0.21980253468044011,0.21913796700511526,0.21853600279887528,0.21789647651118443,0.21718182606059142,0.21662994462961938,0.2159528562604776,0.21533837136042056,0.21481153131708236,0.2141845257232086,0.2136076029046025,0.2130682421674474,0.21254140212410924,0.2119644793055033,0.21147520134361625,0.21084819574974212,0.21022119015586832,0.20956914317436032,0.20892961688666947,0.2082900905989785,0.2077632505556404,0.20703607941123045,0.20643411520499055,0.20586971308020152,0.20525522818014458,0.2049036778502443,0.2043267550316382,0.20373731151921526,0.2032104714758772,0.20254590380055215,0.2019815016757633,0.20140457885715723,0.20075253187564915,0.20008796420032418,0.19948599999408428,0.19888403578784444
0.2235019647745987,0.22292504195599286,0.22224795358685118,0.22154582383007507,0.22099394239910322,0.22040449888668015,0.21970236912990426,0.21908788422984724,0.21841079586070541,0.21783387304209945,0.21715678467295724,0.2165297790790833,0.21580260793467382,0.21522568511606777,0.21472388646036347,0.21415948433557458,0.2135199580478836,0.21296807661691156,0.2123786331044885,0.21177666889824848,0.21118722538582552,0.21057274048576843,0.2100208590547965,0.20940637415473962,0.20866668231651264,0.2080521974164557,0.2073751090473138,0.20686078969779267,0.2063089082668207,0.20576954752966553,0.20514254193579173,0.20457813981100262,0.20403877907384743,0.20341177347997375,0.2028724127428186,0.20225792784276148,0.2015557980859857,0.20086618902302683,0.20030178689823777,0.19972486407963175,0.1991604619548428,0.19849589427951794
0.2235019647745987,0.22287495918072495,0.2221728294239492,0.2215082617486241,0.2208436940732992,0.22024172986705934,0.21953960011028353,0.2189000738225925,0.21821046475963357,0.21767110402247877,0.21709418120387244,0.21630440659037758,0.21558975613978507,0.21496275054591096,0.21443591050257285,0.21373378074579708,0.21323198209009298,0.21266757996530403,0.2121031778405149,0.21152625502190886,0.21092429081566905,0.21029728522179483,0.20967027962792095,0.2090933568093151,0.20841626844017305,0.20778926284629912,0.20701200892662136,0.2064601274956493,0.20587068398322625,0.20525619908316933,0.20472935903983128,0.20405227067068935,0.20336266160773028,0.20274817670767348,0.20214621250143341,0.20155676898901032,0.20099236686422153,0.2003152784950796,0.19960062804448675,0.19897362245061262,0.19829653408147074,0.19761944571232903
0.2235019647745987,0.2228874798745419,0.22226047428066795,0.2215458238300749,0.22090629754238422,0.22024172986705934,0.21963976566081925,0.21895015659786043,0.21838575447307135,0.21783387304209953,0.2171943467544084,0.21656734116053436,0.21587773209757574,0.21527576789133565,0.21462372090982762,0.21404679809122157,0.21341979249734777,0.21298059731072855,0.21229098824776962,0.21167650334771262,0.21109958052910666,0.21049761632286654,0.20987061072899277,0.2092060430536679,0.20862912023506175,0.2079144697844689,0.20726242280296092,0.2065853344338191,0.20595832883994514,0.2053313232460712,0.20475440042746518,0.2042400810779441,0.2035880340964361,0.20293598711492838,0.2024341884592242,0.20175710009008224,0.2010800117209404,0.2005030889023343,0.19990112469609433,0.1992240363269524,0.19858451003926145,0.19799506652683846
0.2235019647745987,0.2229250419559929,0.22228551566830201,0.22170859284969577,0.22109410794963907,0.22054222651866706,0.21984009676189106,0.2191129256174813,0.2185360027988752,0.21793403859263538,0.21729451230494426,0.2166925480987042,0.21610310458628132,0.21546357829859036,0.21496177964288615,0.2143472947428293,0.2137328098427724,0.2130807628612644,0.21249131934884125,0.2120145620807712,0.21134999440544638,0.21076055089302317,0.21012102460533236,0.20946897762382455,0.20882945133613354,0.20831513198661242,0.20776325055564032,0.20716128634940034,0.20665948769369624,0.2060575234874562,0.2054179971997654,0.20474090883062346,0.20418902739965133,0.20366218735631342,0.2030727438438904,0.20248330033146714,0.20193141890049518,0.20130441330662127,0.20071496979419826,0.20012552628177535,0.19944843791263334,0.19888403578784433
0.2235019647745987,0.22286243848690787,0.22222291219921725,0.22148322036099016,0.22089377684856729,0.2202041677856084,0.21960220357936833,0.21898771867931138,0.21831063031016942,0.21763354194102774,0.2169439328780686,0.21636701005946254,0.21574000446558883,0.21508795748408086,0.21457363813455965,0.21407183947885572,0.2135324787417005,0.2129555559230946,0.21239115379830534,0.21182675167351628,0.21132495301781248,0.21062282326103643,0.21002085905479645,0.20950653970527544,0.2088795341114014,0.20831513198661245,0.2077006470865554,0.20709868288031547,0.2064466358988076,0.20593231654928637,0.2054179971997653,0.20496628131932904,0.20441439988835697,0.20378739429448323,0.20327307494496208,0.20265859004490497,0.20209418792011608,0.20155482718296092,0.20090278020145302,0.20030081599521307,0.19961120693225406,0.1990342841136483
0.2235019647745987,0.2228248764054569,0.22222291219921714,0.22164598938061078,0.22105654586818801,0.22040449888668026,0.21967732774227045,0.21902528076076241,0.21847339932979026,0.21780883165446557,0.21724442952967632,0.21650473769144937,0.21592781487284374,0.21535089205423752,0.2146988450727295,0.21404679809122165,0.21357004082315156,0.2129931180045456,0.21244123657357342,0.2118267516735164,0.21114966330437457,0.21061030256721947,0.20984556934135878,0.20909335680931498,0.20841626844017302,0.2078143042339331,0.20722486072151003,0.206635417209087,0.20602093230902999,0.20535636463370505,0.2047168383460142,0.2041524362212252,0.20356299270880207,0.20287338364584342,0.20227141943960333,0.2017320587024483,0.20109253241475739,0.20051560959615128,0.19987608330846038,0.19927411910222045,0.19867215489598034,0.19807019068974036
0.2235019647745987,0.2229125212621759,0.22232307774975307,0.2217711963187808,0.22120679419399203,0.22064239206920294,0.22011555202586475,0.2194259429629059,0.21886154083811682,0.21834722148859598,0.2177452572823558,0.21708068960703078,0.2165413288698759,0.21595188535745283,0.21536244184502976,0.21479803972024084,0.21422111690163473,0.21363167338921163,0.21304222987678856,0.2125404312210845,0.2120887153406484,0.21143666835914035,0.2107595799899986,0.2101951778652096,0.20955565157751851,0.20896620806509564,0.20840180594030652,0.20787496589696847,0.2072730016907284,0.20670859956593943,0.20615671813496736,0.20545458837819164,0.20491522764103628,0.20430074274097973,0.2036361750656547,0.20310933502231657,0.2024572880408085,0.20173011689639864,0.20114067338397568,0.2004260229333828,0.19989918289004474,0.19924713590853685
0.2235019647745987,0.2229751247312608,0.22226047428066809,0.22159590660534298,0.22078109060421436,0.22010400223507243,0.21952707941646663,0.2189125945164096,0.21833567169780344,0.2177337074915637,0.21695645357188575,0.21637953075327965,0.21574000446558883,0.21501283332117896,0.2143983484211221,0.21384646699014997,0.21320694070245896,0.212692621352938,0.21214073992196586,0.21158885849099376,0.210999414978571,0.2104600542414157,0.2098706107289928,0.20928116721656986,0.20872928578559768,0.20822748712989353,0.20766308500510441,0.2071112035741324,0.2064341152049905,0.2058321509987504,0.2052301867925105,0.20467830536153847,0.20402625838003055,0.2033867320923397,0.20283485066136767,0.20220784506749362,0.20158083947361977,0.20087870971684385,0.20017657996006796,0.19952453297856007,0.19897265154758792,0.19833312525989716
0.2235019647745987,0.2229250419559929,0.22238568121883798,0.22180875840023176,0.221181752806358,0.22055474721248397,0.219952783006244,0.21930073602473604,0.21867373043086208,0.21800916275553725,0.21738215716166315,0.2168427964245081,0.21622831152445127,0.21566390939966212,0.21509950727487306,0.21462275000680311,0.214045827188197,0.21343134228813998,0.21281685738808295,0.21221489318184303,0.21168805313850492,0.21116121309516664,0.210446562644574,0.20979451566306612,0.20925515492591093,0.20862814933203708,0.20805122651343108,0.20747430369482506,0.2069224222638529,0.20629541666997897,0.20568093176992203,0.20510400895131606,0.204414399888357,0.20378739429448328,0.20311030592534127,0.20250834171910115,0.20198150167576315,0.2014296202447911,0.20079009395710012,0.20031333668902995,0.19974893456424087,0.19905932550128216
0.2235019647745987,0.22279983501782297,0.2222729949744851,0.2216710307682449,0.22111914933727303,0.22065491276301988,0.21999034508769494,0.2192756946371021,0.21867373043086208,0.21808428691843917,0.21749484340601594,0.2168052343430571,0.21625335291208525,0.21573903356256402,0.21512454866250694,0.21448502237481615,0.21388305816857617,0.21333117673760404,0.21262904698082813,0.21208968624367316,0.21160040828178606,0.21091079921882705,0.21023371084968528,0.20971939150016408,0.20910490660010708,0.20859058725058607,0.20790097818762723,0.20743674161337392,0.20689738087621898,0.20640810291433176,0.20568093176992208,0.20500384340078015,0.2043893585007231,0.20381243568211718,0.2031603887006092,0.20250834171910115,0.20208166722629908,0.20147970302005902,0.20076505256946614,0.20018812975086017,0.1995360827693522,0.19895915995074634
0.2235019647745987,0.22290000056835887,0.22246080538173982,0.2217085928496958,0.2210941079496391,0.22047962304958207,0.21985261745570817,0.21932577741236997,0.218711292512313,0.21819697316279205,0.21748232271219917,0.216830275730691,0.21622831152445124,0.21557626454294326,0.2149868210305202,0.21440989821191433,0.21379541331185728,0.21330613534997014,0.21277929530663195,0.21216481040657503,0.21155032550651817,0.21097340268791193,0.21035891778785515,0.20983207774451718,0.2093177583949959,0.20871579418875597,0.2081388713701499,0.20754942785772681,0.2069474636514869,0.20627037528234493,0.20570597315755587,0.20505392617604806,0.2045020447450759,0.20396268400792095,0.20329811633259598,0.20275875559544074,0.2021818327768349,0.20152978579532707,0.20091530089527,0.20037594015811488,0.19979901733950886,0.19918453243945197
0.2235019647745987,0.2228624384869079,0.22226047428066809,0.22168355146206178,0.22119427350017493,0.22060482998775197,0.21999034508769494,0.21946350504435674,0.2189366650010188,0.2183973042638638,0.21773273658853864,0.21715581376993248,0.2165538495636929,0.21596440605126976,0.21536244184502965,0.21474795694497284,0.21409590996346498,0.21349394575722497,0.2128544194695339,0.21230253803856183,0.21167553244468806,0.21102348546317998,0.21037143848167214,0.20958166386817748,0.20890457549903543,0.20832765268042938,0.20765056431128756,0.2069859966359626,0.20638403242972267,0.20586971308020158,0.20524270748632767,0.2047283881368064,0.20413894462438337,0.20351193903050954,0.2028724127428186,0.20225792784276153,0.20168100502415562,0.20116668567463447,0.20057724216221146,0.1999001537930696,0.1992856688930126,0.19869622538058962
0.2235019647745987,0.2229000005683589,0.222298036362119,0.2216835514620618,0.22105654586818801,0.220429540274314,0.21985261745570805,0.21922561186183415,0.21851096141124127,0.21795907998026937,0.2172819916111273,0.21661742393580227,0.21595285626047772,0.21533837136042053,0.21479901062326537,0.21429721196756152,0.2138454960871252,0.21318092841180025,0.21264156767464512,0.21205212416222213,0.21142511856834822,0.21089827852501017,0.21045908333839108,0.20989468121360208,0.20926767561972792,0.20864067002585412,0.20806374720724805,0.20747430369482495,0.20675965324423212,0.2061827304256261,0.2056308489946541,0.20492871923787825,0.2043267550316382,0.2037873942944832,0.20318543008824314,0.20272119351398987,0.20204410514484825,0.20145466163242515,0.20076505256946622,0.20016308836322622,0.1995235620755353,0.19879639093112553
0.2235019647745987,0.22290000056835887,0.22243576399410597,0.22165851007442788,0.22113167003109002,0.2205672679063009,0.21995278300624388,0.21918804978038317,0.2185986062679602,0.2179716006740863,0.21738215716166315,0.216867837812142,0.2162658736059022,0.21558878523676014,0.21501186241815415,0.21447250168099916,0.213995744412929,0.21350646645104196,0.21285441946953387,0.2122023724880259,0.21153780481270118,0.21088575783119318,0.21037143848167206,0.2097819949692491,0.209205072150643,0.20860310794440318,0.20798862304434607,0.20741170022573996,0.20687233948858505,0.20637054083288092,0.2057560559328239,0.20509148825749896,0.20443944127599092,0.20390008053883604,0.203348199107864,0.20273371420780695,0.20220687416446892,0.20152978579532704,0.20104050783343985,0.20035089877048104,0.19968633109515607,0.19917201174563498
0.2235019647745987,0.22283739709927392,0.22219787081158318,0.22153330313625796,0.22088125615475027,0.22029181264232722,0.21966480704845323,0.21907536353603027,0.21851096141124113,0.21802168344935424,0.21749484340601602,0.21691792058740997,0.21636603915643818,0.2157640749501981,0.215036903805788,0.2144349395995482,0.21385801678094218,0.21323101118706828,0.21266660906227922,0.21198952069313723,0.21138755648689733,0.21083567505592515,0.2102963143187702,0.20969435011253024,0.20920507215064302,0.20856554586295226,0.20792601957526127,0.20732405536902118,0.20668452908133028,0.20605752348745618,0.2053553937306805,0.20474090883062349,0.2040012169923965,0.2034743769490587,0.20289745413045257,0.2024206968623823,0.2018938568190443,0.20124180983753642,0.20051463869312655,0.19998779864978836,0.19941087583118233,0.19884647370639352
0.2235019647745987,0.22281235571163993,0.22227299497448502,0.22165851007442794,0.22096890101146927,0.2203669368052292,0.21976497259898914,0.21921309116801713,0.21858608557414325,0.2180592455308052,0.21735711577402916,0.21675515156778913,0.21611562528009842,0.21550114038004137,0.2148991761738013,0.21433477404901247,0.2137703719242233,0.21331865604378714,0.21266660906227913,0.2119769999993202,0.21133747371162936,0.2107855922806573,0.2100959832176984,0.20951906039909252,0.20879188925468256,0.20825252851752762,0.2076130022298365,0.2070486001050475,0.2064466358988075,0.20581963030493347,0.20511750054815775,0.2045656191171856,0.2039260928294946,0.20337421139852271,0.20274720580464872,0.20209515882314072,0.20143059114781584,0.20081610624775884,0.20022666273533582,0.199587136447645,0.19903525501667282,0.19833312525989708
0.2235019647745987,0.2228624384869079,0.2222729949744851,0.2217586756249637,0.22121931488780888,0.22071751623210478,0.22002790716914586,0.2193633394938209,0.21879893736903192,0.21822201455042609,0.21756996756891792,0.2169179205874098,0.2162909149935363,0.21557626454294332,0.21493673825525225,0.21437233613046341,0.2137828926180402,0.21328109396233608,0.21272921253136398,0.21218985179420907,0.21161292897560302,0.21097340268791195,0.21038395917548908,0.20973191219398113,0.20918003076300898,0.2086281493320371,0.2079009781876272,0.207399179531923,0.2067471325504152,0.20613264765035805,0.20544303858739923,0.20479099160589143,0.2042265894811023,0.20362462527486247,0.20304770245625625,0.2025083417191012,0.2018813361252273,0.20126685122517038,0.2006273249374794,0.20000031934360543,0.19931071028064642,0.19854597705478583
0.2235019647745987,0.2228624384869079,0.22226047428066806,0.2216459893806109,0.22108158725582197,0.22036693680522912,0.2198400967618911,0.21917552908656623,0.21863616834941127,0.21793403859263552,0.21733207438639518,0.21680523434305704,0.21626587360590213,0.21560130593057716,0.21498682103052016,0.2145100637624501,0.214008265106746,0.213381259512872,0.212891981550985,0.21226497595711094,0.21168805313850492,0.21114869240134973,0.2105842902765609,0.20998232607032086,0.2094304446393486,0.2088910839021938,0.20826407830831978,0.2077372382649817,0.20728552238454548,0.20663347540303748,0.20605655258443153,0.20545458837819158,0.20485262417195155,0.20420057719044368,0.20361113367802067,0.2030216901655976,0.20244476734699146,0.2019304479974704,0.20136604587268148,0.20072651958499052,0.20001186913439764,0.19942242562197482
0.2235019647745987,0.2228874798745419,0.22226047428066806,0.22154582383007507,0.22095638031765205,0.2203043333361443,0.21968984843608733,0.21921309116801702,0.21857356488032603,0.21809680761225622,0.21736963646784613,0.21678019295542303,0.21619074944300037,0.21560130593057736,0.2149868210305202,0.21437233613046336,0.21384549608712508,0.21329361465615315,0.21275425391899802,0.21226497595711083,0.21172561521995592,0.21118625448280073,0.2105592488889269,0.20985711913215113,0.20921759284446007,0.20869075280112206,0.20815139206396696,0.20762455202062877,0.20699754642675472,0.2064206236081487,0.2058061387080918,0.20532938144002164,0.20482758278431748,0.20418805649662683,0.20371129922855646,0.2031343764099503,0.2024572880408086,0.20186784452838555,0.20120327685306066,0.20055122987155272,0.19998682774676355,0.19937234284670677
0.2235019647745987,0.2228123557116399,0.22216030873013223,0.22153330313625805,0.22094385962383517,0.22039197819286316,0.2197274105175383,0.21908788422984726,0.2185485234926922,0.2178338730420995,0.2171693053667743,0.21652977907908333,0.2159653769542946,0.2152382058098847,0.21461120021601066,0.21403427739740472,0.21350743735406666,0.21298059731072866,0.2124036744921225,0.21177666889824856,0.21114966330437465,0.21061030256721938,0.21002085905479645,0.20934377068565457,0.20885449272376733,0.20812732157935773,0.20750031598548374,0.20688583108542666,0.20625882549155286,0.2056568612853128,0.2051425419357917,0.2045405777295516,0.20386348936040957,0.20327404584798686,0.20265956094792986,0.20202003466023882,0.20144311184163297,0.20082862694157588,0.20028926620442075,0.19958713644764503,0.19892256877232,0.1983080838722632
0.2235019647745987,0.22293756264980982,0.22233559844357,0.2215583445238921,0.22094385962383525,0.2203544161114123,0.2197524519051722,0.21928821533091905,0.21866120973704511,0.21798412136790332,0.21719434675440838,0.21655482046671728,0.2159278148728438,0.2152882885851527,0.21468632437891264,0.21402175670358775,0.21333214764062883,0.21270514204675492,0.21211569853433182,0.2114886929404579,0.21104949775383886,0.21046005424141562,0.20983304864754168,0.2092686465227528,0.20867920301032966,0.20815236296699177,0.2077131677803724,0.20702355871741343,0.20644663589880757,0.20584467169256754,0.2053053109554125,0.20477847091207443,0.20415146531820041,0.20352445972432653,0.20283485066136772,0.20220784506749362,0.2015307566983518,0.20087870971684377,0.20018910065388493,0.199512012284743,0.19885996530323502,0.1982454804031783
0.2235019647745987,0.2229125212621759,0.22229803636211906,0.2216960721558789,0.22100646309292013,0.22037945749904625,0.2197774932928062,0.21913796700511523,0.2185360027988752,0.21790899720500143,0.2172569502234933,0.21671758948633818,0.21606554250483043,0.2153634127480545,0.21478648992944854,0.21414696364175764,0.21363264429223647,0.21306824216744744,0.21242871587975645,0.2118017102858825,0.21121226677345958,0.21063534395485348,0.20999581766716255,0.2093062086042038,0.2087543271732316,0.20822748712989347,0.20768812639273848,0.20714876565558332,0.2065468014493434,0.20595735793692024,0.20520514540487655,0.2045530984233687,0.20401373768621356,0.20346185625524157,0.20294753690572043,0.20225792784276148,0.20173108779942342,0.20114164428700052,0.2005396800807604,0.19998779864978838,0.19939835513736534,0.1987337874620405
0.2235019647745987,0.22295008334362684,0.22246080538173996,0.22184632048168268,0.2213069597445279,0.22065491276301988,0.22009051063823068,0.2194760257381737,0.21886154083811685,0.21823453524424302,0.2176450917318198,0.21695548266886092,0.21646620470697406,0.21591432327600185,0.21524975560067683,0.21476047763878983,0.21414599273873275,0.21356906992012675,0.21304222987678859,0.21239018289528072,0.2118257807704918,0.21123633725806865,0.2106844558270966,0.21015761578375872,0.20960573435278657,0.2090788943094485,0.20851449218465948,0.20798765214132128,0.20739820862889824,0.2067962444226583,0.2061441974411504,0.2056549194792633,0.2050028724977552,0.20436334621006463,0.20381146477909237,0.20317193849140128,0.2024698087346257,0.20184280314075168,0.2011657147716096,0.20043854362719984,0.19987414150241067,0.19928469798998794
0.2235019647745987,0.22296260403744383,0.22232307774975302,0.22170859284969588,0.22119427350017504,0.22052970582485,0.2198651381495251,0.21918804978038314,0.21871129251231303,0.21809680761225628,0.21748232271219908,0.21690539989359298,0.21634099776880422,0.215776595644015,0.21519967282540897,0.21468535347588794,0.21413347204491587,0.21351898714485887,0.21301718848915466,0.21240270358909774,0.21181326007667473,0.2112488579518856,0.21062185235801179,0.21015761578375866,0.20960573435278648,0.2089161252898278,0.2083016403897708,0.20763707271444587,0.20709771197729068,0.20663347540303756,0.20603151119679758,0.20531686074620473,0.2046397723770627,0.2040378081708228,0.20341080257694885,0.20274623490162377,0.20209418792011605,0.20141709955097412,0.20081513534473408,0.20012552628177538,0.19956112415698626,0.19889655648166144
0.2235019647745987,0.22293756264980985,0.22229803636211906,0.22170859284969588,0.2210690665620051,0.2205297058248501,0.21984009676189117,0.21926317394328504,0.21867373043086208,0.21803420414317123,0.21749484340601594,0.2169429619750439,0.21626587360590233,0.2156263473182112,0.21504942449960512,0.21451006376245021,0.21392062025002714,0.2133436974314211,0.21277929530663203,0.21217733110039205,0.21163797036323703,0.21109860962608196,0.21042152125694005,0.20988216051978498,0.20919255145682603,0.20852798378150122,0.20797610235052907,0.2073741381442891,0.20678469463186605,0.20620777181325997,0.20568093176992208,0.20505392617604806,0.2044770033574419,0.2037748736006662,0.20324803355732804,0.2028338797583427,0.20221939485828588,0.20159238926441195,0.20099042505817188,0.20030081599521302,0.19966128970752206,0.1990593255012823
0.2235019647745987,0.22297512473126083,0.22238568121883806,0.2217711963187808,0.22115671141872403,0.2206298713753858,0.2200028657815119,0.21947602573817382,0.2188865822257508,0.2183597421824129,0.21772021589472165,0.21711825168848176,0.21645368401315707,0.2158141577254659,0.2152497556006769,0.21467283278207094,0.21404582718819692,0.21350646645104188,0.21294206432625282,0.21237766220146362,0.2117882186890409,0.2112112958704347,0.2105717695827438,0.20990720190741904,0.2093928825578977,0.2087157941887559,0.20810130928869883,0.2075744692453609,0.20690990157003586,0.2063580201390638,0.20580613870809195,0.20536694352147264,0.20476497931523244,0.20411293233372485,0.20349844743366774,0.20282135906452578,0.20229451902118784,0.20173011689639864,0.20106554922107378,0.20033837807666402,0.19974893456424095,0.1990968875827331
0.2235019647745987,0.22273723154873795,0.2220851845672303,0.22145817897335607,0.2208186526856653,0.2202166884794253,0.21947699664119852,0.2187999082720566,0.21818542337199962,0.21752085569667493,0.21695645357188562,0.21622928242747574,0.21560227683360206,0.214900147076826,0.21433574495203686,0.21372126005198008,0.21301913029520428,0.21245472817041516,0.21190284673944312,0.21127584114556908,0.21068639763314617,0.21018459897744207,0.20959515546501908,0.20898067056496217,0.20835366497108826,0.20771413868339716,0.20709965378334022,0.20639752402656428,0.20572043565742237,0.20508090936973145,0.20442886238822366,0.20377681540671563,0.20304964426230568,0.2025478456066018,0.2019709227879958,0.20138147927557262,0.20069187021261378,0.20008990600637375,0.19940029694341493,0.1987858120433579,0.19814628575566695,0.1975192801617931
0.2235019647745987,0.22276227293637202,0.22218535011776616,0.2214957410548071,0.2208687354609333,0.22021668847942544,0.21963976566081925,0.21893763590404344,0.21837323377925436,0.21765858332866178,0.21704409842860453,0.2164922169976324,0.21585269070994176,0.21526324719751858,0.21473640715418038,0.21418452572320848,0.21363264429223644,0.21305572147363044,0.21255392281792623,0.21202708277458804,0.2115002427312501,0.21087323713737618,0.2102837936249532,0.20978199496924912,0.20924263423209394,0.20864067002585407,0.20801366443198013,0.207374138144289,0.20680973601950015,0.20603248209982222,0.20545555928121628,0.2048410743811593,0.20420154809346835,0.20362462527486241,0.20293501621190344,0.2022078450674935,0.20161840155507074,0.20104147873646463,0.20038943175495663,0.19974990546726576,0.19919802403629366,0.1985835391362367
0.2235019647745987,0.22297512473126083,0.22233559844357006,0.221620947992977,0.22096890101146918,0.22034189541759527,0.21971488982372128,0.21910040492366428,0.2184358372483394,0.21785891442973346,0.21729451230494415,0.21678019295542303,0.21621579083063425,0.2157014714811131,0.21507446588723908,0.21434729474282932,0.21382045469949124,0.21330613534997014,0.2126666090622792,0.21207716554985612,0.21146268064979915,0.2108732371373761,0.21020866946205133,0.20965678803107926,0.20899222035575427,0.20840277684333142,0.2078383747185424,0.20729901398138723,0.2066845290813302,0.20608256487509016,0.20549312136266717,0.20485359507497627,0.2042516308687362,0.20369974943776448,0.20313534731297517,0.20252086241291814,0.20189385681904443,0.20130441330662138,0.2006523663251132,0.20001284003742228,0.1993858344435484,0.19879639093112553
0.2235019647745987,0.2229626040374438,0.22233559844357004,0.2216835514620619,0.22109410794963902,0.220504664437216,0.21985261745570805,0.2192506532494679,0.2185360027988753,0.21789647651118454,0.21725695022349345,0.21660490324198536,0.21587773209757571,0.2152882885851527,0.2147990106232655,0.2141845257232086,0.21351995804788373,0.21300563869836256,0.2123911537983054,0.2118017102858825,0.2110995805291067,0.21056021979195147,0.20989565211662659,0.20918100166603382,0.20857903745979375,0.20793951117210288,0.20731250557822892,0.20661037582145306,0.20594580814612815,0.20538140602133903,0.2047669211212821,0.20424008107794417,0.20362559617788684,0.2029860698901963,0.20233402290868832,0.20169449662099723,0.20108001172094028,0.20049056820851724,0.19977591775792447,0.19914891216405045,0.19859703073307844,0.19794498375157063
0.2235019647745987,0.22281235571163993,0.2222229121992171,0.221570865217709,0.2208562147671163,0.22024172986705945,0.21956464149791752,0.2189501565978604,0.21837323377925444,0.21772118679774677,0.2170816605100555,0.2164922169976324,0.21579008724085696,0.21520064372843387,0.21449851397165773,0.213833946296333,0.21330710625299482,0.21266757996530392,0.21205309506524686,0.21153877571572582,0.210886728734218,0.21032232660942882,0.209670279627921,0.20914343958458304,0.2085289546845258,0.20787690770301798,0.207312505578229,0.2067230620658059,0.206096056471932,0.2055692164285938,0.20496725222235399,0.20439032940374788,0.20371324103460586,0.20316135960363407,0.20259695747884496,0.20208263812932373,0.2014806739230838,0.20081610624775886,0.20015153857243398,0.19954957436619394,0.19889752738468602,0.1982580010969952
0.2235019647745987,0.222787314324006,0.22226047428066806,0.22163346868679387,0.2209438596238352,0.22026677125469335,0.2197148898237212,0.21917552908656623,0.21851096141124127,0.21785891442973349,0.21713174328532342,0.21645465491618146,0.2157775665470399,0.21517560234079977,0.21462372090982765,0.21408436017267263,0.2133947511097138,0.2128428696787418,0.21222838477868472,0.21165146196007872,0.21097437359093685,0.21032232660942882,0.20979548656609093,0.20928116721656978,0.2087543271732316,0.20812732157935782,0.20758796084220268,0.20703607941123056,0.20652176006170941,0.20589475446783542,0.20531783164922943,0.20479099160589131,0.20426415156255312,0.20367470805013033,0.20309778523152425,0.20245825894383324,0.2018062119623255,0.20114164428700052,0.20051463869312658,0.19997527795597148,0.1993232309744635,0.19863362191150474
0.2235019647745987,0.2229125212621759,0.2222479535868511,0.22153330313625802,0.22099394239910308,0.22029181264232736,0.21963976566081939,0.2190378014545794,0.21828558892253558,0.21767110402247877,0.21706913981623852,0.21651725838526645,0.2159152941790268,0.21533837136042053,0.2149617796428862,0.21435981543664628,0.21378289261804032,0.21316840771798332,0.21252888143029236,0.21201456208077119,0.21141259787453134,0.2108857578311932,0.2103589177878552,0.20965678803107937,0.20904230313102226,0.20827756990516152,0.20778829194327436,0.20717380704321722,0.2066219256122453,0.20601996140600523,0.2054054765059484,0.20469082605535546,0.2040763411552984,0.20353698041814355,0.2029600575995375,0.20227044853657855,0.20159336016743665,0.2011291235931835,0.20052715938694343,0.19993771587452047,0.19937331374973147,0.1986711839929557
0.2235019647745987,0.2229125212621758,0.222348119137387,0.22172111354351287,0.22108158725582203,0.22061735068156899,0.21995278300624407,0.21930073602473604,0.21872381320613005,0.21813436969370714,0.21755744687510084,0.2170180861379457,0.21640360123788913,0.215851719806917,0.21522471421304298,0.21471039486352198,0.21404582718819704,0.2135565492263099,0.21307979195823962,0.2125279105272675,0.21190090493339375,0.2112989407271536,0.2107595799899986,0.21019517786520964,0.2096808585156884,0.20909141500326547,0.20866474051046313,0.2080377349165892,0.20741072932271534,0.20677120303502428,0.20625688368550335,0.20571752294834822,0.20507799666065704,0.2044509910667834,0.20391163032962825,0.2033096661233882,0.20269518122333133,0.20206817562945742,0.20146621142321736,0.20085172652316033,0.20016211746020138,0.19964779811068056
0.2235019647745987,0.2229000005683589,0.2224107226064719,0.22178371701259775,0.2212067941939919,0.22062987137538578,0.21996530370006084,0.2193508188000039,0.21878641667521484,0.2181218489998902,0.217444760630748,0.216817755036874,0.21615318736154937,0.2154510576047735,0.21496177964288624,0.21437233613046328,0.21373280984277238,0.2132310111870682,0.21265408836846206,0.21210220693749002,0.2115252841188841,0.210998444075546,0.2104340419507569,0.2098696398259681,0.20935532047644678,0.20871579418875597,0.20823903692068582,0.2075744692453609,0.2069850257329379,0.20638306152669791,0.20584370078954295,0.20526677797093684,0.2045771689079778,0.20396268400792106,0.20324803355732823,0.20265859004490494,0.20206914653248206,0.20150474440769311,0.20077757326328313,0.20010048489414126,0.19956112415698604,0.19888403578784442
0.2235019647745987,0.22287495918072492,0.22234811913738703,0.22178371701259786,0.2211066286434561,0.2204545816619481,0.21976497259898928,0.21922561186183415,0.21868625112467904,0.2180091627555373,0.21736963646784616,0.2167676722616062,0.21615318736154948,0.21546357829859045,0.21494925894906916,0.21439737751809734,0.21379541331185717,0.2131934491056172,0.21260400559319417,0.21196447930550336,0.21137503579308026,0.2107229888115721,0.21015858668678333,0.20964426733726232,0.20896717896812025,0.2084027768433313,0.20785089541235924,0.2072864932875701,0.2067596532442321,0.20620777181326008,0.20558076621938629,0.20507896756368202,0.20462725168324572,0.20408789094609084,0.20352348882130183,0.20279631767689174,0.20216931208301797,0.20159238926441195,0.20106554922107378,0.2004635850148337,0.1999367449714957,0.1992095738270859
0.2235019647745987,0.22293756264980988,0.22228551566830204,0.2216459893806109,0.22105654586818813,0.22046710235576508,0.21985261745570805,0.21927569463710203,0.21868625112467904,0.21809680761225617,0.21743223993693106,0.21691792058740994,0.2164286426255231,0.21583919911309996,0.21521219351922588,0.21453510515008414,0.21388305816857625,0.21321849049325123,0.21265408836846209,0.21206464485603915,0.21151276342506725,0.21094836130027808,0.2102963143187702,0.20969435011253024,0.20909238590629012,0.20860310794440312,0.2080136644319801,0.20749934508245896,0.20687233948858494,0.20629541666997891,0.20564336968847108,0.2050414054822312,0.20446448266362494,0.20387503915120217,0.20332315772023005,0.20280883837070873,0.2021818327768349,0.20150474440769295,0.20094034228290403,0.2003508987704809,0.19979901733950892,0.199209573827086
0.2235019647745987,0.22283739709927392,0.22228551566830201,0.22160842729915994,0.22111914933727295,0.22046710235576508,0.21984009676189115,0.21931325671855295,0.2187864166752149,0.21812184899989018,0.21768265381327076,0.2170681689132137,0.21644116331934005,0.21583919911309987,0.2152873176821278,0.2148856845769598,0.2142962410645367,0.2137819217150156,0.21320499889640943,0.21267815885307137,0.2121763601973673,0.21168708223548008,0.2111101594168742,0.21047063312918327,0.20986866892294306,0.20931678749197122,0.20872734397954826,0.20813790046712513,0.20751089487325117,0.20693397205464514,0.20636956992985614,0.20578012641743318,0.20510303804829128,0.2044635117606004,0.20379894408527532,0.20323454196048613,0.2026200570604295,0.2020431342418234,0.20141612864794936,0.20086424721697735,0.20026228301073726,0.19969788088594842
0.2235019647745987,0.22284991779309096,0.22214778803631532,0.22159590660534295,0.22096890101146907,0.2203293747237782,0.21963976566081927,0.2190252807607623,0.2184233165545223,0.21792151789881845,0.21739467785548017,0.21676767226160615,0.21632847707498726,0.21572651286874708,0.21519967282540897,0.21468535347588788,0.21409590996346498,0.21345638367577383,0.21291702293861878,0.2123401001200127,0.21176317730140679,0.21128642003333656,0.2106218523580118,0.2099823260703208,0.20938036186408074,0.20892864598364472,0.2083392024712217,0.20777480034643253,0.2072730016907284,0.20674616164739032,0.2060815939720655,0.2054796297658255,0.2047775000090494,0.2041755358028097,0.2035986129842035,0.20310933502231637,0.20253241220371046,0.20200557216037235,0.20150377350466842,0.2008266851355264,0.20021220023546926,0.19953511186632752
0.2235019647745987,0.22284991779309096,0.22219787081158315,0.22153330313625794,0.22080613199184834,0.22016660570415741,0.21957716219173445,0.2190378014545793,0.21842331655452224,0.21775874887919763,0.21711922259150648,0.2164922169976325,0.21590277348520964,0.2152632471975187,0.2146362416036446,0.2140968808664896,0.21350743735406666,0.21290547314782649,0.21234107102303748,0.21177666889824842,0.21116218399819156,0.2105351784043176,0.20992069350426065,0.20934377068565468,0.20870424439796367,0.20813984227317475,0.20746275390403285,0.20682322761634175,0.20627134618536974,0.20575702683584865,0.20513002124197474,0.2045656191171856,0.20407634115529846,0.20351193903050965,0.20289745413045254,0.20223288645512758,0.2016935257179725,0.2009788752673797,0.20041447314259078,0.1997749468548998,0.19916046195484266,0.19847085289188404
0.2235019647745987,0.22278731432400595,0.22218535011776608,0.22158338591152596,0.22098142170528615,0.22030433333614435,0.21967732774227028,0.21902528076076241,0.21841079586070541,0.21770866610392978,0.2170566191224216,0.2164796963038155,0.2159027734852097,0.21527576789133573,0.2147113657665466,0.21417200502939168,0.21363264429223644,0.21301815939217947,0.2123535917168545,0.21183927236733335,0.21118722538582552,0.21063534395485334,0.20994573489189455,0.20939385346092254,0.20884197202995045,0.20831513198661242,0.2077256884741895,0.20714876565558335,0.20659688422461142,0.20598239932455428,0.20539295581213143,0.20474090883062337,0.20406382046148142,0.20341177347997363,0.20283485066136764,0.20215776229222562,0.20160588086125372,0.20101643734883062,0.20038943175495663,0.19973738477344877,0.19917298264865965,0.19855849774860285
0.2235019647745987,0.2228624384869079,0.22223543289303416,0.221570865217709,0.22096890101146913,0.22037945749904617,0.21982757606807415,0.21900023937312837,0.2184483579421563,0.2177712695730144,0.2171567846729573,0.21661742393580222,0.21599041834192864,0.2152757678913356,0.21462372090982762,0.21407183947885564,0.21340727180353078,0.21273018343438882,0.2122534261663187,0.21171406542916363,0.21109958052910663,0.21051013701668356,0.20987061072899274,0.20921856374748482,0.20859155815361072,0.20801463533500486,0.2074377125163988,0.2067481034534399,0.20615865994101693,0.2055692164285937,0.20499229360998789,0.20445293287283284,0.20397617560476264,0.20333664931707177,0.20272216441701477,0.2021452415984086,0.20146815322926684,0.2008286269415759,0.20023918342915287,0.19963721922291278,0.19909785848575776,0.1984458115042499
0.2235019647745987,0.22279983501782294,0.22212274664868126,0.2214581789733562,0.22090629754238422,0.22030433333614424,0.21972741051753825,0.21916300839274908,0.2185986062679601,0.2179590799802693,0.21739467785547997,0.21669254809870409,0.2160405011171966,0.21541349552332253,0.21488665547998434,0.21419704641702556,0.21358256151696856,0.2130306800859964,0.21246627796120732,0.2119269172240523,0.21119974607964248,0.21043501285378155,0.20985809003517575,0.20928116721656972,0.20874180647941457,0.2081273215793577,0.2075754401483856,0.20691087247306064,0.20625882549155275,0.20570694406058077,0.20521766609869357,0.20465326397390457,0.2040262583800305,0.2034743769490587,0.20285989204900168,0.20223288645512746,0.20166848433033863,0.20101643734883062,0.20035186967350577,0.19974990546726568,0.19908533779194065,0.19849589427951791
0.2235019647745987,0.22293756264980985,0.22236063983120402,0.22173363423732986,0.2211567114187241,0.2205297058248501,0.21994026231242692,0.21926317394328507,0.21862364765559417,0.21803420414317132,0.2174698020183821,0.21680523434305712,0.2160655425048305,0.2154009748295055,0.21487413478616746,0.21434729474282943,0.21368272706750446,0.21313084563653234,0.21257896420556033,0.21202708277458812,0.21147520134361616,0.21082315436210824,0.21022119015586835,0.2096192259496283,0.20911742729392405,0.20842781823096537,0.2078508954123593,0.20723641051230232,0.2066469669998794,0.20601996140600531,0.2054806006688502,0.20490367785024421,0.20436431711308908,0.2036997494377643,0.20307274384389032,0.20249582102528416,0.20194393959431234,0.20132945469425526,0.20072749048801522,0.20008796420032426,0.19948599999408423,0.19887151509402742
0.2235019647745987,0.22295008334362687,0.22234811913738703,0.2218337997878657,0.221094107949639,0.22046710235576508,0.21990270023097608,0.21928821533091913,0.21864868904322818,0.21803420414317132,0.2173821571616631,0.21671758948633826,0.2159653769542946,0.21536341274805446,0.21476144854181445,0.21423460849847648,0.21353247874170067,0.21293051453546055,0.21225342616631862,0.21160137918481062,0.21102445636620484,0.2104725749352326,0.20973288309700588,0.20916848097221685,0.2085289546845258,0.20788942839683508,0.20723738141532708,0.20663541720908693,0.20605849439048096,0.20544400949042402,0.2047669211212822,0.20431520524084598,0.203688199646972,0.20303615266546426,0.20228394013342027,0.20170701731481416,0.20113009449620822,0.20054065098378526,0.19990112469609422,0.19928663979603725,0.19875979975269917,0.1980952320773744
0.2235019647745987,0.2228874798745419,0.22231055705593597,0.2217211135435128,0.22120679419399195,0.22050466443721614,0.22005294855677993,0.219388380881455,0.21877389598139793,0.21813436969370714,0.21753240548746697,0.2169429619750438,0.2163284770749872,0.21577659564401508,0.21519967282540897,0.21453510515008403,0.21398322371911202,0.21341882159432296,0.21289198155098485,0.21245278636436565,0.21183830146430882,0.21128642003333656,0.21072201790854758,0.21010753300849083,0.2096057343527865,0.20909141500326558,0.20852701287847641,0.20788748659078543,0.20742325001653236,0.20682128581029235,0.20614419744115053,0.20559231601017838,0.20514060012974206,0.20460123939258723,0.20379894408527538,0.2031594177975844,0.20258249497897862,0.20196801007892146,0.20131596309741348,0.20072651958499055,0.20011203468493355,0.1994224256219748
0.2235019647745987,0.22288747987454183,0.22227299497448513,0.22173363423732986,0.22120679419399195,0.22067995415065378,0.22002790716914566,0.2194134222690888,0.2187989373690319,0.21815941108134104,0.21756996756891794,0.21690539989359295,0.21642864262552305,0.21600196813272077,0.21545008670174862,0.21492324665841067,0.21430876175835376,0.2137568803273815,0.2132175195902265,0.2125905139963524,0.21213879811591635,0.2115743959911272,0.21112268011069105,0.21064592284262107,0.210018917248747,0.20946703581777507,0.20876490606099918,0.20827562809911193,0.2076736638928721,0.20718438593098487,0.20660746311237888,0.20605558168140675,0.2055162209442515,0.20490173604419495,0.20434985461322275,0.20372284901934862,0.20314592620074287,0.20263160685122167,0.20197955986971372,0.20127743011293775,0.2007005072943318,0.20013610516954286
0.2235019647745987,0.22288747987454194,0.22236063983120397,0.22179623770641477,0.22114419072490704,0.22059230929393492,0.21995278300624396,0.21928821533091902,0.218711292512313,0.21813436969370706,0.21748232271219897,0.21689287919977587,0.21626587360590238,0.2156263473182112,0.21493673825525225,0.2144349395995482,0.2138329753933082,0.21333117673760413,0.212754253918998,0.21203960346840514,0.21141259787453126,0.2107855922806572,0.2101585866867832,0.20965678803107923,0.2090798652124731,0.20845285961859933,0.20795106096289512,0.207449262307191,0.20683477740713405,0.2062954166699789,0.20575605593282392,0.20516661242040093,0.20448952405125895,0.20387503915120217,0.20327307494496202,0.20264606935108795,0.2020816672262991,0.2015172651015101,0.20077757326328316,0.1999752779559715,0.19934827236209746,0.1987838702373086
0.2235019647745987,0.22287495918072484,0.22217282942394923,0.22150826174862417,0.22094385962383517,0.2203043333361442,0.21962724496700242,0.2188499910473246,0.21816038198436571,0.21759597985957682,0.21701905704097066,0.21635448936564564,0.21585269070994173,0.2152632471975187,0.2146738036850956,0.2140342773974047,0.21338223041589682,0.2127677455158398,0.2121282192281488,0.21150121363427496,0.21094933220330297,0.21029728522179483,0.2097579244846398,0.20918100166603396,0.2085539960721599,0.207801783540116,0.2071372158647912,0.20657281374000205,0.20587068398322625,0.2052812404708032,0.2047168383460142,0.20408983275214027,0.20357551340261892,0.2029359871149282,0.2023590642963222,0.20175710009008216,0.20128034282201215,0.2007785441663079,0.20025170412296983,0.1996497399167299,0.19896013085377093,0.1983832080351651
0.2235019647745987,0.2228874798745419,0.22229803636211906,0.2217211135435128,0.2211066286434561,0.2205672679063009,0.21987765884334198,0.219288215330919,0.21867373043086202,0.2180717662246222,0.2174071985492971,0.216880358505959,0.2162783942997193,0.21571399217493006,0.21507446588723902,0.21449754306863322,0.21394566163766107,0.21340630090050602,0.21275425391899808,0.2123025380385619,0.2117130945261389,0.21108608893226483,0.21062185235801173,0.20999484676413793,0.20940540325171483,0.2088284804331089,0.20816391275778387,0.20743674161337403,0.20680973601950003,0.20620777181326005,0.20569345246373902,0.20511652964513297,0.20437683780690602,0.20377487360066618,0.2030101403748054,0.20233305200566334,0.20178117057469136,0.20119172706226832,0.20056472146839444,0.19993771587452053,0.1991604619548428,0.1985084149733349
0.2235019647745987,0.2228624384869079,0.22219787081158324,0.22159590660534292,0.22091881823620116,0.22024172986705928,0.21963976566081936,0.21908788422984718,0.21849844071742427,0.21785891442973354,0.21726947091731025,0.2166174239358022,0.21597789764811154,0.21532585066660345,0.21478648992944838,0.21414696364175756,0.2134698752726156,0.21290547314782654,0.2124161951859394,0.21178918959206544,0.21121226677345956,0.21061030256721947,0.21000833836097957,0.20945645693000756,0.20882945133613348,0.20813984227317472,0.20756291945456862,0.2069233931668777,0.20632142896063774,0.20575702683584862,0.20520514540487667,0.20464074328008755,0.20402625838003047,0.20346185625524157,0.20284737135518466,0.20215776229222562,0.20146815322926684,0.20089123041066081,0.20027674551060395,0.19978746754871668,0.1991228998733917,0.1985084149733349
0.2235019647745987,0.22290000056835887,0.22224795358685118,0.22147069966717325,0.22079361129803143,0.22001635737835346,0.21937683109066264,0.2187623461906056,0.21816038198436563,0.21760850055339387,0.21704409842860461,0.21631692728419477,0.21580260793467396,0.21522568511606777,0.21468632437891244,0.21402175670358775,0.21338223041589685,0.21274270412820587,0.2122534261663186,0.2115763377971768,0.21102445636620476,0.21046005424141562,0.2098455693413588,0.20931872929802067,0.20860407884742774,0.20798959394737093,0.20728746419059502,0.20667297929053807,0.2060584943904811,0.20544400949042405,0.20474187973364832,0.20415243622122536,0.20351290993353424,0.20284834225820952,0.20225889874578634,0.20164441384572931,0.2011426151900253,0.20052813028996816,0.19990112469609425,0.19933672257130525,0.1986721548959803,0.19794498375157055
0.2235019647745987,0.22286243848690787,0.22226047428066814,0.221583385911526,0.22098142170528612,0.2203794574990462,0.21976497259898925,0.21922561186183398,0.21863616834941108,0.2181218489998901,0.21738215716166306,0.21664246532343623,0.21602798042337956,0.21546357829859042,0.21478648992944843,0.21425964988611046,0.21372028914895538,0.21311832494271543,0.21254140212410932,0.2119769999993202,0.21134999440544644,0.2107730715868404,0.21014606599296642,0.2094439362361906,0.20880440994849947,0.20811480088554066,0.20753787806693466,0.2070736414926814,0.20645915659262457,0.20588223377401843,0.20529279026159547,0.20470334674917254,0.2040888618491155,0.2035995838872284,0.20303518176243945,0.20239565547474836,0.20184377404377637,0.20131693400043832,0.20065236632511332,0.20001284003742242,0.19946095860645027,0.19889655648166144
0.2235019647745987,0.2229250419559929,0.22239820191265502,0.22192144464458463,0.2212944390507108,0.2205923092939349,0.21992774161860992,0.21923813255565106,0.21864868904322804,0.2179340385926354,0.21715678467295751,0.21651725838526642,0.21581512862849073,0.21533837136042044,0.21481153131708236,0.21420956711084255,0.21355752012933452,0.2130181593921795,0.2124537572673903,0.21185179306115035,0.2112498288549106,0.21059778187340253,0.20990817281044372,0.2092811672165698,0.2086541616226957,0.20807723880408968,0.20742519182258184,0.20686078969779267,0.2061837013286509,0.20560677851004477,0.20490464875326897,0.20429016385321203,0.20375080311605687,0.20323648376653602,0.20264704025411284,0.20193238980351993,0.20125530143437811,0.20057821306523624,0.2000263316342642,0.19933672257130527,0.19877232044651613,0.19810775277119141
0.2235019647745987,0.2229751247312608,0.22227299497448505,0.2217711963187807,0.22116923211254094,0.22047962304958207,0.21989017953715906,0.219313256718553,0.21856104418650912,0.21795907998026937,0.21740719854929708,0.2168427964245081,0.21621579083063433,0.21558878523676026,0.21501186241815418,0.21443493959954826,0.21387053747475918,0.21320596979943418,0.21260400559319417,0.212064644856039,0.21140007718071427,0.21081063366829106,0.2101836280744174,0.20966930872489623,0.20911742729392396,0.20846538031241615,0.2078634161061762,0.20727397259375316,0.20669704977514716,0.20620777181325994,0.20566841107610498,0.2050414054822311,0.20450204474507586,0.20396268400792095,0.20328559563877902,0.20274623490162383,0.2022193948582859,0.20160490995822894,0.20106554922107378,0.20041350223956583,0.19974893456424098,0.19914697035800105
0.2235019647745987,0.22283739709927392,0.2222354328930342,0.2215207824424411,0.22091881823620127,0.2202542505608763,0.21958968288555136,0.2190252807607623,0.2184733993297903,0.21774622818538067,0.2170566191224215,0.2164421342223646,0.2159027734852096,0.21533837136042058,0.21469884507272963,0.2142346084984765,0.2136952477613213,0.2132059697994342,0.21255392281792637,0.21195195861168625,0.21128739093636134,0.21059778187340236,0.20998329697334556,0.20938133276710558,0.20866668231651267,0.2081148008855407,0.20743771251639875,0.20688583108542669,0.20629638757300373,0.2057319854482147,0.20524270748632756,0.2047659502182574,0.20423911017491922,0.2035620218057775,0.20292249551808655,0.20239565547474836,0.20178117057469144,0.2011291235931835,0.2005146386931265,0.20001284003742253,0.19947347930026735,0.19880891162494246
0.2235019647745987,0.22296260403744383,0.2223731605250211,0.2217962377064148,0.221169232112541,0.22047962304958205,0.21984009676189104,0.2192256118618341,0.21858608557414322,0.21782135234828248,0.2172319088358593,0.2165047376914495,0.21586521140375875,0.21527576789133565,0.21477396923563133,0.21419704641702564,0.21365768567987048,0.2130306800859965,0.2125038400426584,0.21183927236733338,0.21129991163017853,0.21068542673012136,0.21019614876823428,0.20959418456199436,0.20897969966193727,0.2084027768433313,0.20785089541235935,0.20721136912466828,0.20663444630606229,0.20609508556890724,0.2054931213626674,0.20489115715642722,0.20422658948110223,0.20352445972432673,0.2028849334366355,0.20232053131184638,0.20173108779942353,0.20111660289936656,0.20058976285602842,0.19993771587452056,0.19919802403629358,0.19854597705478583
0.2235019647745987,0.22292504195599286,0.22234811913738695,0.2217085928496958,0.22106906656200512,0.22034189541759525,0.2197274105175381,0.2192130911680171,0.21862364765559406,0.21802168344935427,0.21750736409983304,0.21684279642450796,0.21630343568735327,0.21557626454294326,0.215099507274873,0.21456014653771802,0.21403330649437996,0.213418821594323,0.212779295306632,0.2121648104065751,0.21161292897560313,0.21097340268791204,0.2102963143187702,0.20969435011253032,0.20918003076300906,0.2085154630876842,0.20785089541235918,0.20721136912466825,0.20664696699987925,0.2060199614060052,0.2053553937306804,0.2047283881368064,0.20402625838003047,0.2034242941737906,0.20282232996755054,0.2022829692303954,0.2017185671056065,0.20101643734883054,0.20041447314259067,0.19981250893635064,0.1992731481991956,0.19872126676822371
0.2235019647745987,0.22296260403744383,0.22233559844357,0.2217837170125977,0.22130695974452788,0.22064239206920291,0.22009051063823074,0.2194509843505398,0.21882397875666587,0.21814689038752416,0.21754492618128388,0.21699304475031173,0.2163409977688041,0.21575155425638098,0.2150619451934221,0.21457266723153498,0.21402078580056294,0.21340630090050602,0.21291702293861878,0.21246530705818262,0.21176317730140684,0.2111236510137158,0.2105216868074759,0.20994476398886996,0.20944296533316567,0.20885352182074282,0.20815139206396704,0.20761203132681175,0.20695998434530385,0.20648322707723377,0.2058937835648108,0.20529181935857077,0.2046648137646967,0.20423813927189463,0.2035485302089358,0.20287144183979378,0.20221939485828602,0.20169255481494794,0.20106554922107386,0.20047610570865074,0.19978649664569192,0.199184532439452
0.2235019647745987,0.22295008334362681,0.22231055705593597,0.22163346868679387,0.221144190724907,0.22064239206920283,0.21997782439387795,0.219388380881455,0.21877389598139793,0.21808428691843904,0.21763257103800282,0.21698052405649493,0.21629091499353628,0.21572651286874708,0.21514959005014098,0.21454762584390125,0.21412095135109893,0.21353150783867586,0.21289198155098482,0.2123150587323788,0.2117756979952238,0.21121129587043458,0.21070949721473073,0.21010753300849067,0.2094680067207996,0.2088159597392919,0.20817643345160086,0.20754942785772684,0.20692242226385293,0.20627037528234504,0.20559328691320322,0.20487863646261018,0.20423911017491916,0.20358706319341163,0.20296005759953759,0.20225792784276145,0.20170604641178957,0.2010915615117326,0.20043951453022466,0.1998500710178016,0.19919802403629366,0.198533456360969
0.2235019647745987,0.22297512473126083,0.2224357639941059,0.22188388256313363,0.2212443562754429,0.22059230929393484,0.220015386475329,0.21942594296290585,0.21881145806284885,0.2181844524689752,0.21751988479365011,0.21693044128122693,0.21646620470697406,0.21585171980691686,0.2152998383759447,0.21478551902642376,0.21428372037071955,0.21373183893974768,0.2130923126520566,0.21255295191490156,0.21207619464683147,0.21149927182822534,0.21103503525397221,0.21035794688483037,0.2097935447600412,0.2090538529218146,0.20857709565374435,0.20802521422277223,0.20762358111760404,0.20693397205464517,0.2062944457669542,0.20574256433598223,0.20515312082355908,0.20455115661731926,0.20389910963581123,0.20330966612338816,0.20270770191714838,0.2019930514665554,0.2013410044850475,0.20083920582934334,0.2002497623169203,0.19973544296739937
0.2235019647745987,0.22288747987454186,0.22247332607555692,0.22179623770641477,0.22113167003109005,0.22049214374339907,0.21984009676189106,0.21920057047420027,0.2186486890432281,0.21805924553080533,0.2174071985492972,0.2167301101801552,0.2160905838924644,0.2155762645429433,0.21494925894906936,0.21433477404901238,0.21375785123040625,0.2133061353499702,0.21272921253136412,0.21212724832512403,0.21148772203743313,0.21091079921882702,0.21025875223731913,0.20971939150016417,0.20909238590629006,0.20861562863822006,0.20801366443198002,0.2073866588381061,0.2067721739380491,0.20624533389471092,0.205630848994654,0.205053926176048,0.20450204474507594,0.20388755984501905,0.20324803355732804,0.202621027963454,0.2021067086139331,0.20151726510151,0.20094034228290394,0.20028829530139597,0.1996612897075222,0.19907184619509913
0.2235019647745987,0.2228874798745419,0.2222980363621191,0.22175867562496376,0.221169232112541,0.22041701958049711,0.21977749329280616,0.21910040492366428,0.21841079586070528,0.21779631096064864,0.21725695022349342,0.21657986185435135,0.21594033556666065,0.2154009748295055,0.21486161409235036,0.21423460849847653,0.21374533053658934,0.21321849049325114,0.21274173322518097,0.212189851794209,0.21162544966942007,0.2110735682384479,0.21053420750129287,0.2099698053765038,0.20935532047644684,0.2088785632083768,0.20823903692068582,0.20761203132681189,0.2070100671205718,0.2063580201390638,0.20579361801427487,0.20532938144002175,0.20479002070286648,0.2042381392718947,0.2036612164532886,0.2029841280841466,0.20228199832737076,0.2016925548149478,0.2011281526901587,0.20053870917773559,0.19999934844058065,0.19945998770342566
0.2235019647745987,0.22287495918072492,0.22233559844357,0.22159590660534303,0.22096890101146915,0.2203794574990461,0.21982757606807407,0.21918804978038314,0.21852348210505818,0.2178714351235505,0.21726947091731028,0.21659238254816837,0.2159528562604776,0.2154260162171395,0.2149367382552523,0.2142972119675614,0.2136576856798704,0.2132059697994343,0.21261652628701108,0.21202708277458812,0.21146268064979926,0.2108356750559251,0.2101585866867833,0.20963174664344525,0.20895465827430332,0.20836521476188025,0.20778829194327436,0.20727397259375316,0.2066720083875132,0.20608256487509016,0.20551816275030121,0.20499132270696316,0.20441439988835697,0.20376235290684933,0.20321047147587712,0.2026460693510881,0.2020691465324822,0.201542306489144,0.2009904250581719,0.20030081599521302,0.19973641387042407,0.199159491051818
0.2235019647745987,0.22277479363018896,0.2221603087301323,0.22152078244244108,0.2208687354609333,0.22025425056087644,0.21976497259898925,0.21911292561748108,0.21841079586070544,0.21779631096064864,0.21710670189768946,0.21646717560999842,0.21577756654703986,0.2150754367902638,0.21449851397165773,0.2139716739283198,0.21351995804788357,0.2130181593921795,0.21235359171685458,0.21168902404152962,0.21114966330437457,0.2105852611795854,0.20997077627952854,0.20936881207328864,0.2087042443979637,0.2081022801917238,0.20752535737311775,0.2068733103916097,0.20643411520499058,0.20590727516165244,0.20539295581213138,0.20476595021825744,0.20408886184911545,0.20341177347997375,0.20275972649846571,0.20213272090459167,0.20164344294270467,0.20092879249211168,0.20026422481678685,0.1997373847734487,0.19918550334247664,0.1986711839929556
0.2235019647745987,0.22286243848690787,0.22237316052502096,0.22177119631878067,0.22113167003108994,0.22056726790630093,0.21996530370006087,0.2193883808814549,0.21881145806284888,0.21817193177515812,0.217432239936931,0.21678019295542303,0.2161907494430003,0.21562634731821123,0.21512454866250708,0.21458518792535203,0.21408338926964787,0.21358159061394377,0.2129796264077038,0.21242774497673164,0.2117882186890409,0.2112613786457026,0.2106844558270966,0.21015761578375858,0.20949304810843358,0.20881595973929185,0.20822651622686877,0.20762455202062874,0.20692242226385293,0.20634549944524694,0.20574353523900693,0.20515409172658394,0.2044895240512589,0.20390008053883613,0.20327307494496208,0.20270867282017302,0.20213175000156702,0.20155482718296092,0.20094034228290394,0.2002507332199452,0.1995110413817183,0.19892159786929536
0.2235019647745987,0.22287495918072495,0.22232307774975305,0.22169607215587883,0.22109410794963913,0.22045458166194812,0.21982757606807418,0.21927569463710206,0.21863616834941116,0.2180091627555373,0.2174197192431141,0.21679271364924016,0.21614066666773238,0.21547609899240733,0.21492421756143532,0.21427217057992745,0.21362012359841948,0.21303068008599646,0.21244123657357353,0.2118893551426014,0.21129991163017842,0.21067290603630437,0.21012102460533247,0.20959418456199436,0.2089796996619373,0.20826504921134453,0.20767560569892152,0.20713624496176639,0.20659688422461123,0.20620777181326003,0.20558076621938612,0.20501636409459706,0.20440187919454003,0.20368722874394732,0.20308526453770728,0.20248330033146725,0.20189385681904437,0.2013044133066212,0.20070244910038132,0.20000031934360543,0.19943591721881637,0.1987713495434916
0.2235019647745987,0.2228499177930909,0.2222855156683021,0.22165851007442786,0.22116923211254097,0.22054222651866695,0.21996530370006098,0.21930073602473601,0.21864868904322812,0.2179716006740863,0.2173320743863952,0.21666750671107024,0.2160154597295626,0.21545105760477337,0.2149242175614353,0.21443493959954832,0.21405834788201375,0.2135189871448588,0.21287946085716786,0.21229001734474487,0.21168805313850492,0.2111987751766177,0.21057176958274382,0.20995728468268696,0.20936784117026375,0.20882848043310875,0.20820147483923485,0.20767463479589676,0.20709771197729077,0.20650826846486758,0.2060064698091635,0.2053794642152896,0.20481506209050054,0.20436334621006452,0.20382398547290947,0.20318445918521824,0.20259501567279542,0.20214329979235918,0.2015914183613871,0.20098945415514713,0.20036244856127314,0.1997730050488503
0.2235019647745987,0.2229000005683589,0.22231055705593605,0.22177119631878078,0.22128191835689393,0.2206549127630199,0.21991522092479296,0.21936333949382095,0.21867373043086197,0.21795907998026937,0.21729451230494423,0.21675515156778918,0.2162658736059023,0.21565138870584513,0.21523723490685998,0.2146978741697049,0.21415851343254985,0.21348142506340792,0.2129045022448018,0.2123776622014637,0.21175065660758996,0.21137406489005553,0.21077210068381558,0.21014509508994167,0.20945548602698277,0.20889108390219366,0.20825155761450279,0.20769967618353075,0.20706014989583973,0.2064206236081488,0.20583118009572574,0.20531686074620478,0.20481506209050063,0.2043132634347966,0.20367373714710552,0.20310933502231637,0.20238216387790675,0.20173011689639864,0.20112815269015877,0.20047610570865074,0.19986162080859382,0.19923461521472008
0.2235019647745987,0.22295008334362684,0.222385681218838,0.22179623770641485,0.22113167003109,0.22055474721248383,0.219940262312427,0.21935081880000393,0.21877389598139796,0.21822201455042609,0.217607529650369,0.2170306068317628,0.216453684013157,0.21587676119455082,0.2152247142130429,0.2146477913944371,0.21414599273873286,0.21358159061394374,0.21294206432625282,0.21230253803856194,0.2117506566075898,0.2112112958704347,0.21065941443946276,0.21010753300849067,0.2094304446393486,0.2088284804331089,0.20818895414541788,0.20758698993917776,0.20701006712057177,0.20650826846486772,0.20596890772771267,0.20544206768437456,0.20486514486576848,0.20413797372135886,0.20363617506565457,0.20307177294086545,0.20253241220371063,0.20185532383456858,0.20122831824069468,0.20063887472827155,0.20011203468493355,0.1995351118663275
0.2235019647745987,0.22281235571163996,0.22213526734249822,0.2214456582795391,0.22091881823620124,0.2202292091732423,0.21955212080410041,0.2189376359040435,0.2183106303101695,0.2177337074915637,0.21703157773478762,0.2165047376914495,0.21590277348520978,0.21522568511606777,0.2146612829912787,0.21408436017267277,0.21355752012933465,0.21293051453546066,0.21231602963540358,0.21167650334771249,0.2110494977538388,0.2104976163228666,0.20984556934135867,0.2092436051351189,0.2085915581536108,0.20802715602882174,0.20740015043494783,0.20691087247306064,0.20632142896063757,0.20580710961111667,0.20519262471105967,0.20460318119863666,0.20397617560476258,0.2032865665418039,0.20260947817266192,0.2019574311911539,0.20124278074056107,0.20069089930958903,0.1999887695528131,0.19938680534657321,0.19865963420216332,0.1980701906897405
0.2235019647745987,0.22286243848690787,0.2222103915054001,0.22157086521770897,0.22090629754238414,0.22035441611141227,0.21971488982372125,0.21913796700511526,0.21849844071742425,0.21788395581736747,0.21734459508021226,0.21669254809870417,0.2161156252800986,0.21555122315530936,0.21501186241815415,0.21443493959954818,0.21392062025002712,0.2133436974314212,0.212754253918998,0.2122524552632939,0.21160040828178608,0.21099844407554602,0.21033387640022103,0.20979451566306614,0.209205072150643,0.2085029423938672,0.2080136644319801,0.20743674161337403,0.20680973601949998,0.2062954166699789,0.20574353523900693,0.20526677797093687,0.20470237584614764,0.2040252874770059,0.20331063702641297,0.20282135906452572,0.20213175000156702,0.201442140938608,0.20086521812000202,0.20020065044467714,0.19963624831988813,0.19893411856311236
0.2235019647745987,0.2229250419559929,0.22227299497448513,0.22175867562496393,0.221081587255822,0.22050466443721597,0.21984009676189117,0.21922561186183415,0.21864868904322812,0.21798412136790343,0.2173195536925783,0.21678019295542314,0.21619074944300024,0.21550114038004128,0.2149743003367033,0.2143973775180972,0.21380793400567424,0.21324353188088518,0.21272921253136404,0.21229001734474487,0.21165049105705402,0.21109860962608182,0.21053420750129295,0.20989468121360189,0.20925515492591093,0.20877839765784098,0.2081513920639669,0.20758698993917782,0.20694746365148686,0.2063079373637959,0.205768576626641,0.20512905033894996,0.20452708613270978,0.20392512192647014,0.20327307494496208,0.2026085072696371,0.20199402236958022,0.20132945469425523,0.20071496979419834,0.20007544350650736,0.19956112415698626,0.1988965564816614
0.2235019647745987,0.22287495918072486,0.22224795358685115,0.22155834452389203,0.22091881823620124,0.22031685402996118,0.21967732774227028,0.2191630083927492,0.21856104418650915,0.21793403859263538,0.21733207438639518,0.21657986185435135,0.21604050111719653,0.21531332997278657,0.21472388646036353,0.21407183947885566,0.2134323131911648,0.21291799384164364,0.21227846755395258,0.21172658612298056,0.21108705983528966,0.21040997146614768,0.20985809003517575,0.2092310844413018,0.20864164092887869,0.20796455255973686,0.20747527459784976,0.2067856655348908,0.2061461392471999,0.2055692164285938,0.2049296901409029,0.20416495691504202,0.20357551340261895,0.20308623544073215,0.2024341884592241,0.20188230702825194,0.20125530143437806,0.20065333722813805,0.20006389371571515,0.19944940881565804,0.19873475836506527,0.19808271138355743
0.2235019647745987,0.22287495918072492,0.22233559844357,0.22174615493114683,0.22111914933727295,0.22049214374339915,0.219940262312427,0.21937586018763797,0.2187488545937639,0.21817193177515815,0.21749484340601602,0.21703060683176278,0.21640360123788913,0.2157891163378319,0.2151996728254089,0.21457266723153506,0.21398322371911196,0.21331865604378705,0.21266660906227897,0.2120145620807711,0.21136251509926335,0.2108857578311931,0.2103088350125871,0.2098070363568831,0.20933027908881283,0.20880343904547483,0.20823903692068577,0.20772471757116473,0.2070851912834738,0.20643314430196574,0.2057435352390069,0.20507896756368205,0.2043893585007231,0.20377487360066618,0.20311030592534135,0.2024958210252841,0.20196898098194624,0.20129189261280422,0.20062732493747937,0.19988763309925253,0.19917298264865965,0.19854597705478585
0.2235019647745987,0.2228874798745419,0.22226047428066809,0.22163346868679387,0.2210941079496391,0.22050466443721603,0.2197900139866231,0.21913796700511523,0.21866120973704511,0.21804672483698823,0.21746980201838195,0.21688035850595905,0.21631595638117015,0.2157014714811131,0.21522471421304296,0.2147980397202408,0.21417103412636684,0.21366923547066263,0.21309231265205653,0.21249034844581657,0.21186334285194275,0.2113740648900554,0.21087226623435143,0.2103829882724644,0.20988118961676008,0.2093418288796052,0.20867726120428037,0.20815042116094218,0.20754845695470223,0.20688388927937715,0.20636956992985625,0.20574256433598223,0.20516564151737618,0.20450107384205143,0.20386154755436042,0.20322202126666927,0.20258249497897846,0.20199305146655544,0.20140360795413248,0.2008767679107943,0.20032488647982213,0.19961023602922942
