0,1,2,3,4,5,6,7,8,9,10,11,12,13,14,15,16,17,18,19,20,21,22,23,24,25,26,27,28,29,30,31,32,33,34,35,36,37,38,39,40,41
0.18801759055713158,0.2063297500486113,0.2253032823985056,0.24359633710727213,0.2614374768537521,0.2793182156050224,0.2971909650833319,0.3150314101101021,0.3323754781332195,0.349126950517793,0.3657877620221219,0.38230025093719333,0.3987404890354581,0.41510291856216747,0.43139031839501557,0.44790419674870946,0.46425064772962055,0.4806283610829123,0.4968855406222976,0.5131402886438888,0.5288910177488586,0.5445740117132891,0.5601868390193872,0.5756423123839363,0.5910682987586593,0.6063759835950641,0.6219275468783501,0.6370753651245711,0.6520230469415207,0.6667287377189848,0.6811616430827978,0.695163220644567,0.7087787986385914,0.7220729959377289,0.7349745748286118,0.7473782949184341,0.7592627844142251,0.7708191491395504,0.7826119196739704,0.793999629692369,0.8049130372033788,0.8152331608473538
0.006965463164753032,0.0069026928484680885,0.0068365990417060644,0.006768435191478733,0.006700244216547778,0.00663197757795435,0.006564309110540804,0.006496644925982393,0.00642464649868315,0.006352473902204692,0.006279917276973536,0.006207738970034598,0.006135569228793712,0.006063599353815592,0.0059923204450712,0.005920897347095097,0.005849963921468875,0.005778873458060521,0.0057076073978616785,0.005636251397846236,0.005566034635544204,0.00549603915375148,0.005425826674297616,0.0053559439741849065,0.005285613002587653,0.005215413371680283,0.005146043185778572,0.005076870010907184,0.005007328511060589,0.004937604276343012,0.0048683154645634,0.004799239367593,0.00473089706534216,0.004662563328790604,0.004594236730317904,0.00452625275972929,0.004458127455138707,0.004390064965662213,0.004320494913492231,0.004251137576133829,0.004182108590498045,0.004113125288581395
0.6370854861089397,0.6389097516384808,0.6406203705898357,0.6423120245436006,0.6439641352245858,0.6456176082299521,0.6472656319363886,0.6489250920019745,0.6502221019380995,0.6515289708051385,0.6528202446368652,0.6541222736653372,0.6554139060032388,0.6567074742770999,0.6582421382102027,0.659770456576784,0.6613039015874431,0.6628265197001965,0.6643555550802149,0.6658856301289583,0.6671576521587033,0.6684545186928048,0.6697390526010684,0.6710112180332691,0.6722853552517042,0.6735530752025727,0.6750087959915695,0.6764448347709021,0.6778821641738324,0.679308917633113,0.6807477169127982,0.6821857633288858,0.6837189215341861,0.6852468096930713,0.6867617199147916,0.6882841946248887,0.6898047692500544,0.691307956307297,0.6927583353489217,0.6942097182086673,0.6956672315305217,0.6971158180392474
0.16914939537507795,0.16552742763312472,0.16192014196926557,0.15819286571161734,0.15443615076685158,0.15070634054604953,0.1469665435301616,0.1432257031176054,0.13939490702381854,0.13560569773172118,0.13179778183207008,0.12797771781563766,0.12417881984258587,0.12037068035729606,0.11691431454148578,0.11343141664335114,0.10995097818016969,0.10647411707606722,0.10300836069170713,0.0995292637381667,0.09578119407879163,0.09200621969617452,0.08823720757897092,0.08448011999297705,0.08069508428703513,0.07691660707329818,0.07314886330170743,0.06936030997711619,0.06558031261910745,0.06179749845744543,0.05799207630550219,0.05423903936061255,0.050675960575652025,0.04714459784473793,0.043692466254941345,0.04032069280747591,0.0370581175696312,0.033911294425616696,0.030745068049690426,0.02774775530692158,0.024918896237474748,0.022321651349120144
0.11758051239122218,0.1155902645238044,0.11346808048306466,0.11129615498853578,0.10910715794970893,0.10692825651943276,0.10474099263221817,0.10255143231906585,0.10034558037989616,0.09813483228711664,0.09591710825878523,0.09369453140561278,0.09147585414382782,0.08926020989751576,0.08705050169575312,0.0848319544203699,0.08261171732200824,0.08039559645901889,0.07817869567768108,0.0759581986066137,0.07368384384636277,0.07140619609787345,0.06913032482990746,0.06685025066901966,0.06455930098124493,0.06226440837330065,0.05999447314991007,0.057725881119070475,0.055463759186805,0.05319246691631004,0.05092025700140759,0.04866257850204661,0.046490657857033595,0.04433111522304736,0.04221005476769199,0.040120580768975116,0.03809055664654858,0.03611246607864874,0.03421112053119769,0.03238787583055266,0.03060765852494505,0.028908252898210852
0.39730308720528773,0.39591129241728285,0.3944610601710539,0.3929609634332822,0.3914574310867606,0.3899660357518951,0.3884746083078653,0.3869887356336887,0.3856032662183737,0.38421281998632095,0.3828181996509729,0.38142534528228533,0.38003066072998887,0.37863565509203845,0.3772455620535794,0.3758525792515223,0.37446088078831724,0.3730721363074604,0.37168178640101235,0.37029365198077635,0.3688081967169563,0.3673304153824648,0.3658521203128432,0.3643748527142781,0.36290445633345714,0.36143235820284253,0.35997181912948645,0.3585103168019618,0.35705067676642416,0.3555871837118066,0.3541305297665765,0.35266527074466103,0.3512246710464125,0.34979225901352917,0.3483564755889964,0.34691568323946115,0.34547318913974917,0.344039428550381,0.3426157821364097,0.3411914935525163,0.3397717001577895,0.3383451960878919
0.06526172671664504,0.0643053605704846,0.06329538350119644,0.062259972983875006,0.061219770657538676,0.06018286525957138,0.059149686824293723,0.05811609883264809,0.057253971597718466,0.05639557132536558,0.055531682998259585,0.054671193988655206,0.05381199508148935,0.052951526549682375,0.05208790443418499,0.05122049392261331,0.05035003221645149,0.04948704491323839,0.04862104737102491,0.04775664709847286,0.0467825471634902,0.04579996941249653,0.044828224426368725,0.04385527124908106,0.04288250237213612,0.04190743997977733,0.04104942878595338,0.04019481690965708,0.039335618002480664,0.0384759276277276,0.03761535670685713,0.03675173459133814,0.03574243328994121,0.03472971219319397,0.03372155764952094,0.03271866590465445,0.03171155572961312,0.030708541117845684,0.02978065961446698,0.028852316840363084,0.027918556830158963,0.026988196156572438
0.1350006259799561,0.13246269300101338,0.12980031392392616,0.127046338436303,0.12428528272485326,0.12153009530692402,0.11878989755237722,0.11602329247618459,0.11270366450351646,0.10939519904600917,0.1060535011861761,0.10273119420991017,0.09938796549074079,0.09605366678380792,0.09346457759234526,0.09088218590999163,0.08828793006850635,0.0857005630936614,0.08313252321657078,0.08054222209482233,0.07743525598336594,0.074315405140086,0.07121794311302405,0.06812325375978953,0.06501664336882161,0.06192985237479488,0.05878858173274122,0.05567381284384544,0.05256273962727436,0.04951194908122754,0.04648711070518741,0.04351586010681084,0.04086285311468311,0.03826297974605777,0.035778823601144656,0.033376800583671096,0.031095844614849755,0.02892345196852758,0.026897613282267144,0.024966913895316623,0.023155401439707162,0.021464224734973433
0.03361282547305476,0.03423282523751033,0.034841550736192675,0.03542777472841676,0.036011212483941506,0.03659664880588278,0.03717876985881947,0.03776467643164951,0.03828514758914261,0.03880612426641619,0.039328864384595714,0.03984556177847439,0.04036630333025208,0.04088621018666827,0.04146293511031374,0.042036474083988716,0.042612587681440266,0.04318660866233972,0.0437628750913385,0.04433756617976373,0.04489144866503504,0.04544894032612328,0.046008277722051634,0.046565275619661964,0.047123366850655185,0.04768121119996013,0.04818739848580589,0.048689812008033115,0.049193612770466716,0.04969809539674805,0.050202001965639426,0.05070201720818154,0.05123206972814928,0.05175573859194214,0.052283510394954304,0.05281162312988676,0.05333908926980266,0.0538668140477358,0.05446615804056734,0.05506606633450509,0.055666292047809644,0.0562637550370132
0.039029748016241754,0.03843186934079186,0.03781828200496261,0.03717241100175972,0.03652047557288911,0.03586267187237012,0.035206224903187755,0.03455523755165305,0.03367917991366268,0.032799967466657996,0.031923354059187545,0.031048342575482703,0.030170078205796827,0.029291928259213146,0.02852504662845352,0.027761646729899562,0.026994961253031028,0.026231005585031043,0.025465219147008566,0.02469908943961463,0.02363626056964245,0.02257706054732,0.02151320186920276,0.020451468191987843,0.019393297977800452,0.018331604758187247,0.017462592060897418,0.01659111069554515,0.01572527765626536,0.014866448519628086,0.01401656260866277,0.013178979160627425,0.01251165590892653,0.011867778326495434,0.011244952388520415,0.010641813127041506,0.010068617373999977,0.00951272799180332,0.008960093243696487,0.008433354319879944,0.007925973375016939,0.007446311111097162
0.05442246915720675,0.05892076706996286,0.06355972597014023,0.06804901753196531,0.07252879676799995,0.07698418801964206,0.08145091310644918,0.08589395857379703,0.0906758047506397,0.09544307885409174,0.1001907211362665,0.10494767335409326,0.1096930893470931,0.11444933320041087,0.12048690757515083,0.1264591100090341,0.1324583314957724,0.13845340398921105,0.14442591000762975,0.15039740407657945,0.15418713491378344,0.15803535643525382,0.1618292362656816,0.16563940848365724,0.16942256164861902,0.17318405909328569,0.17742329792102438,0.18163359499176662,0.18584257652798666,0.19004993894472486,0.1942355444460695,0.1984230726515922,0.20251901942281203,0.20642745194238335,0.21034873622124778,0.21423338792628718,0.2181447550996215,0.22206168799549492,0.22723090846054372,0.232611221601976,0.23797139694728914,0.24335626386151968
0.22350196477426879,0.22285326073292014,0.2222334642269914,0.22159434358994085,0.22095066067567132,0.22030689910161913,0.21966578574577686,0.21902553764985896,0.21838063550627762,0.2177339766234255,0.21708886471983904,0.21644140612748838,0.21579481279455515,0.21514755085201134,0.21455772379096724,0.21396825069966327,0.21338112429729386,0.21279214938578025,0.21220344978418984,0.2116119315339263,0.21099907021431677,0.21038637932459478,0.20977067313636708,0.20916006673562565,0.20854593374659958,0.20793130257786863,0.20731985713755988,0.20671081082599435,0.20610586794249594,0.20549711005076188,0.20489006956831604,0.20428065617691135,0.2036527839148033,0.20302715346149744,0.20240006779895847,0.20177450289565865,0.20114657819350473,0.20052012181066758,0.19986963480971626,0.19922224176729308,0.19857884727283126,0.1979304578708848
0.7687004986801135,0.7543201783187921,0.7394612167863446,0.7241142838405508,0.708733140025897,0.6933504411711042,0.6780893464094325,0.6627480116075867,0.6467470290263919,0.6306088919588806,0.6145397986464008,0.598420633060846,0.5822890271587552,0.5660942866502772,0.5504400778903753,0.5347675196636177,0.5190507983136,0.5032597460728805,0.4875041487340354,0.4717015892007584,0.4559220442527866,0.44004453181312897,0.4241268993532205,0.40809761505344255,0.39218309267244417,0.3762831104323175,0.3605525503794792,0.344877675260355,0.3291965047375055,0.3136531713128033,0.29851622996542815,0.28354707438642,0.2690711761233342,0.25508668399076084,0.24151980320221145,0.22847513667270047,0.2160576915622702,0.20431100701129562,0.19276548677418182,0.18179282976230424,0.1714092649437968,0.16163827743258588
0.33844096658471773,0.32941412362208344,0.32021998189115775,0.3108580727682708,0.3014124361575565,0.29195617740284346,0.28251163424886466,0.27309458370245354,0.26591911795643447,0.25870772437032824,0.25144712526422563,0.2442229226219811,0.23702152634778922,0.22981622487368294,0.2231148504077832,0.21642284842216683,0.20978177024433672,0.20308430097844168,0.19645165803252562,0.18980948639857403,0.1823027034845655,0.1747660848423909,0.16724067694360703,0.1597679901780252,0.15230445699111034,0.1449036501399114,0.1353138064613737,0.12591917025966534,0.11671447911507497,0.10778709757437888,0.09920170489203878,0.09094081609055728,0.08569276789252411,0.08068496362778203,0.07595653887664607,0.07153332938792047,0.06737639918562507,0.06349090773202834,0.058648975251005965,0.05414753939162849,0.0499877647324059,0.04609634519830721
0.7365142777561319,0.7286743701775458,0.721198302024784,0.7135225794117611,0.7057393398941189,0.6980323043681963,0.6902805163162582,0.6825551918322037,0.6745247742749622,0.6664767605232041,0.6584560416557527,0.6503958352652954,0.6423406167724183,0.6342603202385384,0.6263598651257981,0.6184876747665207,0.610532491332164,0.6026209520026303,0.5946895996349832,0.586722362114614,0.578661878618642,0.5705995939377594,0.5624544547343606,0.5543087613200312,0.5462107300389691,0.5380661450466786,0.5299205901851156,0.5218156312684443,0.5136649499567085,0.5055390695803669,0.49737231615373173,0.48922994800466024,0.4811533923941332,0.4730043737147952,0.46491853507237824,0.456765082706317,0.4486637261602459,0.4405154002444211,0.4326056620999498,0.42470423711825456,0.416744619997221,0.40879109919545925
0.7693793769623992,0.7632704921655294,0.7578946772184035,0.7523678667353255,0.7467714005717518,0.7411706651903226,0.7355890289464027,0.7299953714804718,0.7239983851616234,0.7178399549536946,0.7116910743145752,0.705557135942224,0.6994258939188696,0.6932461176154058,0.6873508061189584,0.681503916553883,0.6756824176074591,0.6698530543106495,0.6640125685743404,0.6581569158757069,0.6521622888620607,0.6459743111642943,0.6397689195466669,0.6335571241005649,0.6273382507383731,0.6211183662453668,0.615037006676326,0.6091036092515557,0.6031689760002654,0.5972372637938979,0.5912977995842353,0.5853335064955423,0.5794521261347035,0.5736215270109275,0.567812611026216,0.5619656091136664,0.5561782639198762,0.5503573267131932,0.5443816864894013,0.5384059339177868,0.5324460223960341,0.526469932780791
0.6361639549850555,0.6328559062925454,0.6297189501489285,0.6265235508859484,0.6232870919026767,0.6200487014287513,0.6168313081120886,0.6135982136592236,0.610022435664371,0.6064245390031285,0.6028283869137943,0.5992146645055538,0.5956023128310541,0.5919879050540149,0.5881400986328293,0.5843051895752307,0.5804558255024287,0.5766158073428488,0.5727767860818267,0.5689486060827319,0.5647907022103239,0.5606063182453012,0.5564454236798778,0.5522841552784156,0.5481119210033479,0.5439158857982122,0.5397131838407552,0.535470356756322,0.5312515798257442,0.5270418995851622,0.5228175774114554,0.518591884504024,0.5152151121874117,0.5118445081739649,0.5084624398387612,0.505080994564759,0.5017012938614176,0.4983204716480685,0.4949117363027926,0.4915067393234523,0.48810516917952956,0.4847148764393804
0.07142598299130663,0.07104214172434176,0.07066047817873643,0.0702707405541342,0.06987725284666331,0.06948439408371865,0.06909074913994252,0.06869726143243085,0.06829853775938922,0.06789828889553784,0.06749901489597034,0.06710197365027487,0.06670503460832558,0.0663072071816834,0.06591748528091011,0.06552985462163813,0.06514363908795658,0.06475850062227946,0.06437318919684122,0.06398690290689937,0.0635989341897095,0.06320358323324322,0.06281241475948098,0.062421867368685706,0.06203111557091371,0.06163886216741131,0.06124730846496621,0.060856179300334885,0.060462848828895674,0.06007349643317588,0.05968045684878315,0.05928885597547984,0.05889742806199437,0.05850607090488328,0.05811395115213608,0.05772241317331618,0.057330450656855284,0.05693941583385008,0.05654534635229916,0.056150113322982885,0.05575363026584717,0.05535786263339505
0.1993600859205112,0.19785434044323486,0.19628109637079888,0.1946603407877872,0.19302409802712045,0.19138789276568988,0.1897521749941315,0.18811626972641043,0.18611035966233205,0.18409571227984267,0.1820788899428084,0.18005183031883606,0.17802717064505433,0.17601019831106438,0.17393120226830536,0.17184294391864877,0.1697657478384584,0.16768791427174398,0.16560715576571952,0.16352095987299373,0.16109022115354465,0.15866679478190288,0.1562333561186929,0.153803292385222,0.15136636629459072,0.14893821502119775,0.14706006479711367,0.14517790215640655,0.14329037712748685,0.14140836448362987,0.13952173943586715,0.13763410190924733,0.13596575981689638,0.13431106744042157,0.13264951270667363,0.13099264537547012,0.1293334155934137,0.1276803731825695,0.12570431249685846,0.12372783931967969,0.12176437837165076,0.11979679250948957
0.018978026375403523,0.018873437351472424,0.018790673498929964,0.018699254331699156,0.01860549727660533,0.01851110261584091,0.018417327238850065,0.01832311946245745,0.018192897954556773,0.018060891883447137,0.017929651672035057,0.017799071052853513,0.01766691474130263,0.01753456788082803,0.017372781223987107,0.017211339020795087,0.01704939479464037,0.01688825307234807,0.016726675286306038,0.016564987568227624,0.016388147552680334,0.016211043700207647,0.01603227620976514,0.01585574766828608,0.01567892231028035,0.015502005342273006,0.015336176851278856,0.015169871988120736,0.01500415709353267,0.014838497164972432,0.014673830288995762,0.014507745289926833,0.014440566134297566,0.014374204140027132,0.014307189882443826,0.014240633674945543,0.014174275345084116,0.014106832352603942,0.013969732764268545,0.013831856322951757,0.013694247382920638,0.013556491866828536
5.439715825105119e-05,5.9576213381798e-05,6.464520922399242e-05,6.957515896920833e-05,7.446470835015887e-05,7.937953060471697e-05,8.430196189651523e-05,8.923644083057454e-05,9.393621719975851e-05,9.860999602501089e-05,0.00010329536957369445,0.00010796371337239654,0.00011265796413115966,0.00011733654389664038,0.0001220816121539831,0.00012681019416412509,0.00013153605866083866,0.00013627134387035278,0.00014099394735121948,0.0001457468963971266,0.00015052620532210418,0.0001553294283639626,0.00016007612712940947,0.00016490897106619077,0.00016969742895248238,0.00017448932902239353,0.00017927416355764463,0.00018408898132301246,0.00018886983017209362,0.0001936348268603316,0.00019843116553521363,0.00020322288443758513,0.00020803181425734773,0.00021284699435773993,0.0002176636237985992,0.00022247101369424067,0.0002272858314595932,0.00023211795072621168,0.00023696094004597626,0.00024180456345220224,0.00024665325954994257,0.00025148863983250915
0.0012417816778629933,0.0012855638989204465,0.0013280016725873687,0.0013691924225946563,0.0014102801818056266,0.001451307631092802,0.0014926746716445599,0.0015340036705555158,0.0015844088491299177,0.0016344670136795383,0.0016846968295547676,0.0017347763345382803,0.0017849514075562655,0.0018350661706490596,0.0018872964203175454,0.001939439452552827,0.001991510112879915,0.0020437746928085726,0.0020959780349725596,0.002148475503993284,0.0021912621473761705,0.0022341935345800436,0.002277145334371281,0.00232000527750825,0.002362775219680704,0.0024057511434453184,0.002450077081661649,0.0024941942547564598,0.0025387642162046395,0.0025828656159388817,0.002627066295082197,0.0026713671814842296,0.0027169048852580665,0.0027623061958159047,0.0028076611141238162,0.0028532127355685383,0.00289887940979686,0.0029444774234908726,0.002991248233249481,0.003038299252194254,0.0030855905829952177,0.003132779850842748
0.1388073389843055,0.13577268901452266,0.1326218277386943,0.12938742943677403,0.12614224797284115,0.12288940136950065,0.11967078805769359,0.11642742544032428,0.11304524585172629,0.10965605071194223,0.10624743288874322,0.10285602914941526,0.09947378460199076,0.09609199476619727,0.0928329770762366,0.08956428052396301,0.08628798379126142,0.08299726620334998,0.07972096947058027,0.07645272762999018,0.07304514914768061,0.06961431541239796,0.06618991259902274,0.06277427922461828,0.059337453381519946,0.05592868818064223,0.05243587764978683,0.04896132868606232,0.045500184983415445,0.04206627184251642,0.03867787046683135,0.03535880872695839,0.032578280490132984,0.029887373206952016,0.02731398651607494,0.024858145124978002,0.022547403967161064,0.02038341242094919,0.01798510530534334,0.015788230057675386,0.013827337680940976,0.012053699980876643
0.20310826671853996,0.19792852128271715,0.1930429270923194,0.1880418156181098,0.18299046641446712,0.17796674304645713,0.17295933956692933,0.16790926842699136,0.16320860020272177,0.15836626354804642,0.1535368058415863,0.14872740390180456,0.14391564246005661,0.1390899206318516,0.13455648210921484,0.13007426444171752,0.12561377385479036,0.12112457599401089,0.1166156173043027,0.11211914431246392,0.10735083703191149,0.10247920322788075,0.09760462004639156,0.09271587985313817,0.08779971044953565,0.08289812095503483,0.07803812932546403,0.07328169907066545,0.06853663521114416,0.06384415666409946,0.059154422074896455,0.05451924226655081,0.049508777358095,0.044761627547224916,0.04015807210546821,0.0357692772589822,0.03161063427161082,0.027715343315050132,0.024492713724665174,0.021571407615006997,0.01891888062682208,0.0165217845609268
0.0019280781645463485,0.002128703942549464,0.002322358728190541,0.0025112319034964834,0.002698680520901001,0.002887763876881437,0.003076736304174738,0.0032666370294425137,0.0034667256790561793,0.0036667792985529803,0.0038670372603767525,0.004065812280772832,0.004264190293233077,0.004463916965014797,0.004663906362642096,0.004862389465436525,0.005062875122991766,0.005262245655296147,0.005464389404835666,0.005664670720062602,0.005860304707052901,0.0060547651852794065,0.006249698570025522,0.006443843777239396,0.006637335089022019,0.00683218089848706,0.007022951538217919,0.007214101670825725,0.0074053393787122095,0.007596413612746908,0.007787429463263104,0.00797832270837919,0.008173670616114898,0.008367109382735376,0.0085607816834377,0.008753928532446015,0.008949603387900355,0.009143830332048148,0.009341064027507857,0.009536768074719423,0.009733470480131625,0.009927621525703938
0.013770164438172673,0.014982783104288465,0.016147939529703347,0.017276400246004426,0.018387487097159528,0.019504654801120305,0.02062629759155649,0.02174575548684679,0.022319331803950855,0.02289801498444328,0.02347798804279173,0.024060725125155617,0.02464146158062113,0.02521727544097003,0.02612048136321722,0.02702995240653633,0.02792439242409246,0.02882707186556577,0.02972672404266748,0.03063782717634958,0.03149601899344346,0.03234015377417624,0.03318944806638441,0.034037557776881944,0.034887878706572444,0.03573030242483399,0.036473379223295924,0.03721324448910879,0.037950793239563324,0.03868931597942494,0.03942636457315508,0.04016278138996991,0.041007600595699224,0.041852656717777784,0.04269571221296103,0.04353331863225376,0.04438219173984976,0.04522916951670166,0.04621766532240161,0.047211978740528904,0.04820479168848743,0.04919194496825469
0.021195045923843348,0.021015923526035027,0.020839999418998122,0.020658118076419773,0.02047740956455502,0.020296727115592987,0.020115757974709856,0.01993430853163144,0.019750461301272282,0.019563635453043834,0.01937623994418888,0.01918908272473453,0.019002323895437226,0.018816011858812112,0.01863221303095737,0.018448674832179355,0.01826592969037351,0.018083285076948365,0.017899590500718158,0.01771741874286212,0.017533657147741917,0.017349742898446374,0.017165210585972392,0.01698107294034199,0.016796916678366178,0.016614018882408883,0.01642288893144653,0.01623115581038406,0.016037970613120997,0.015845310397260087,0.015652977829354243,0.01546102875848967,0.015270319537304997,0.015080529964358214,0.014891671209494231,0.014702164605245946,0.014512304290130442,0.01432298384950358,0.014145205552923612,0.013969616540454317,0.013794545062825278,0.013618352880239758
0.134912604371526,0.1330433311353299,0.13158150861582116,0.1299816052710402,0.12833771981513695,0.12669969498936995,0.12506731170450464,0.12345207213173176,0.11957523186836647,0.11567029344415772,0.1117609184683179,0.10785011941413725,0.10392650365501811,0.09999543887089102,0.09629726566449934,0.09266344984381489,0.08902601905500454,0.08538261809173837,0.08174611843114422,0.07811482213359935,0.07431165053717788,0.07048996592251443,0.0666500421509345,0.06281033746832705,0.05897917725565556,0.055151905872202193,0.05182163653466149,0.04849527084292202,0.04517536558910585,0.04187078702093289,0.03857774532595933,0.03534400154857887,0.03259987612382106,0.02998229451475445,0.027470818226268758,0.02507499270887383,0.022822329176935854,0.02069406957376431,0.01903447063168511,0.01748345012160734,0.016049926794132884,0.014733763625795893
0.044234837964129144,0.04381824083005955,0.04338088371379419,0.04292971340159231,0.04247338754051171,0.0420172339140024,0.04156059803105329,0.04110401955976498,0.040425327650323854,0.03974530379535984,0.039065785160978264,0.03838098467293382,0.03769713721483857,0.03701485134845463,0.03637920654824212,0.03574143752413023,0.03510643573231083,0.03446941305709654,0.03383299894349264,0.033198100492116835,0.03261804146293162,0.032037017921131034,0.03145581066284004,0.03087622240743331,0.030296852315692496,0.029718825651896232,0.029063454275691916,0.028408944071314522,0.027754801300220934,0.027101267090609726,0.02644976524643139,0.025797551500295317,0.02514490142700815,0.024496534248360336,0.023847018840534757,0.023195057704780798,0.02254445147932619,0.02189208846338226,0.021416805339878157,0.020943944979794654,0.020472921786276365,0.020001278549040144
0.47965919225490916,0.4765051565182759,0.4733423974600219,0.47009332021925043,0.46680928868954086,0.4635344074975799,0.4602558661701963,0.45698110698266586,0.4537200733010825,0.45046105269356207,0.4472066682572802,0.4439381923011644,0.4406737424934491,0.43741093974683376,0.4340460802369388,0.4306610289828402,0.42728897120774384,0.4239136803132972,0.42053155716726215,0.4171567542908105,0.4135921124149894,0.41001630712774617,0.4064275693634603,0.40284316275902216,0.3992594881815705,0.39567630162190615,0.39212776434014057,0.3885891094223874,0.3850509425227171,0.38151649676051297,0.37797741482702646,0.3744484592670235,0.3707521135352858,0.36706217303974753,0.3633684504047736,0.3596659434458446,0.35599308358003073,0.35229405374940215,0.3493168635331466,0.346326679837823,0.3433342390593716,0.3403356370536922
0.057260628947066905,0.059330844767661976,0.0615153208387953,0.06362739175470081,0.065739387051256,0.06784400949938373,0.0699552486062782,0.0720643325731363,0.07414396295437282,0.07620574726055118,0.07827078318236697,0.08032387130784553,0.08238633618500196,0.08445549333980541,0.0865594730267903,0.08870092190887044,0.0908441478368365,0.09299221337795564,0.09512836893299942,0.09726981781533868,0.09934324744154498,0.10138253510684545,0.10342998962001164,0.10547109214040629,0.10750648542883866,0.10954709642594632,0.1115526580345381,0.11356434477883987,0.11557845132968318,0.117602237107979,0.11960715595539001,0.1216180865098444,0.12369835965215528,0.1257863837383766,0.12786295155163507,0.12994205259977926,0.13202020841121218,0.13408758852100097,0.13621693836926713,0.13833936908243655,0.1404567711351365,0.14257065690604345
1.4791623391981548e-05,6.93919311334432e-05,0.00012267099773331704,0.00017403458578496515,0.00022498584287823344,0.00027594468453773273,0.00032722318485781294,0.00037837638463484756,0.0004230458993587352,0.0004677909572657451,0.0005124957102925771,0.0005573154804056836,0.0006019896785754119,0.0006464662759828754,0.0006867390372859047,0.0007269708163266916,0.0007671590571702035,0.0008074129003521624,0.0008478252115190812,0.0008881063180107226,0.0009291397214438144,0.0009702787702003342,0.0010112976900008555,0.0010526522892966726,0.0010937138080177409,0.001134814517745996,0.0011781712663210425,0.0012214922318038227,0.0012650117082561385,0.0013085167010768598,0.0013519893187169318,0.0013955420223284588,0.0014431092482397989,0.0014908536856611601,0.0015383825725441378,0.0015863826034914026,0.0016341372646540226,0.0016821168481184895,0.0017303801403960306,0.0017787840091129442,0.0018270779726142809,0.0018753293371939939
0.016324144736540494,0.016356298304528904,0.01638822621176979,0.016419341014373805,0.016450319694576422,0.016481308054563507,0.016512085273578753,0.016543075448566168,0.01657571240236703,0.016608678469948103,0.016641510230076265,0.01667439341421854,0.01670715076074919,0.01674018337707345,0.016775641392483564,0.016811233110365392,0.016846757674510833,0.01688244921548796,0.016918020968748657,0.01695357699230511,0.016976014444171322,0.016998284919197734,0.01702056870397007,0.017043070889610577,0.0170652227868815,0.017087223437014517,0.017110871470966446,0.01713480989941534,0.017158785232155895,0.017182729105507073,0.017206722587920262,0.017230628346993685,0.01726235600301495,0.01729406248443578,0.01732576412594798,0.0173575903951026,0.017389144419409478,0.017420735348018287,0.01745642870397497,0.01749200106221304,0.017527707727908466,0.017563460372743592
0.6002923866996261,0.6067432345052005,0.6129916404772595,0.6190238856122521,0.6250034451446337,0.6309690550987342,0.6369359331963104,0.6428806764232605,0.6480381330563016,0.6531788732509587,0.658351201748814,0.66350796666718,0.6686042065499672,0.6737069024371175,0.6788728902177037,0.6840485620034767,0.6892139733550711,0.6943738509892704,0.6994791984488865,0.7046227055022636,0.7097230956734477,0.7148252151314998,0.7198891749963299,0.7249548641475296,0.7300349640217234,0.7350614560075884,0.7401536608886246,0.7452341066199026,0.7502926480528486,0.7553824319324951,0.7604272543577579,0.765453515772082,0.7707412453366603,0.7760613702054635,0.7813283483296694,0.7866108900342148,0.7918979278840381,0.7971563748603117,0.8024975005094679,0.8078109721630387,0.813135302590919,0.81844741817153
0.5505599881070149,0.5570724510227801,0.5640731317298073,0.570866520636206,0.5775489818860343,0.5842430122775106,0.590905057394211,0.5975451891949728,0.6042363613280911,0.6109490384545105,0.6175652153266764,0.6241754034660003,0.6307744307858778,0.6373911520876199,0.6436858429200001,0.6499727756221959,0.6562534473771443,0.6625124780308081,0.6687670171354442,0.6750015484296431,0.6814181916291682,0.6877779418719084,0.6940632412832382,0.7003696373655052,0.7065886523989109,0.7128691880458603,0.7190114384194819,0.7251889406492564,0.7312974363499394,0.7374004877486243,0.7434957810166042,0.74958277172403,0.7555885062224961,0.7615532723476289,0.7674747562711862,0.773397294388222,0.7792924200499706,0.7851626248870158,0.7912717355305434,0.7973931256774286,0.8035100512515118,0.8095737104888687
0.5788050065223324,0.5854778229498036,0.5926695578518651,0.5996466622715242,0.6065346567105988,0.6133930847052768,0.6202589043136324,0.6270732564052551,0.6338120498055682,0.6404461287183546,0.6470947170872516,0.6537246895463277,0.6603387837329899,0.6668878591155636,0.6734578773959226,0.6800994848013676,0.6867105675884408,0.6933653156324594,0.6999319118728958,0.7064976868221187,0.7130905643447544,0.7196403241371558,0.7262247149963067,0.7327588702741992,0.7392839913627356,0.7457870744998757,0.752336013001709,0.7587324653043612,0.7651749098545707,0.7715758792513449,0.777990673699521,0.7843961601943821,0.7906698339061864,0.7969820156568028,0.8032907323941727,0.8095556975393641,0.815787668780901,0.8220115512707286,0.8282196188092357,0.8344451196131367,0.840605682355673,0.8466733330092656
0.25615108392119595,0.2591640836129814,0.26203246168910727,0.2647979502542697,0.26754048616155585,0.2702608643084826,0.2730190994362329,0.27576675249459043,0.27868297344818105,0.2815444955357067,0.28442027609234594,0.28729332418970865,0.29016135449873554,0.2930182065649587,0.2957364981066325,0.29850168858522835,0.3012590294537719,0.3040152276573727,0.30676481827773516,0.30952186105965346,0.31227189880966577,0.3150047965880374,0.31773371988023574,0.320469350117908,0.3231935537078323,0.3259131866385903,0.3283983248845691,0.3309022425783151,0.33341222136296783,0.3359366076600226,0.3384385381101213,0.3409420583548276,0.3437146016328529,0.34650974980106325,0.3493092202229728,0.35210531233169595,0.35490249742407876,0.3577048990295648,0.36052791828219466,0.363360873750236,0.3661882152565208,0.36901217844954015
0.01991605616125048,0.019982510774658232,0.020046906126223563,0.02010882952704034,0.020170651149852205,0.020232341716051074,0.020293950023309533,0.020355727031095634,0.020421494294428216,0.020487678429301714,0.02055342617354524,0.020619079110879793,0.020684814307147643,0.02075050628262433,0.020815416101090604,0.020880723272055035,0.020945462995772015,0.02101040766973151,0.021075480611852628,0.02114051172740877,0.021202193928286373,0.02126395838811383,0.02132520977524046,0.021386808322975702,0.021448249323923505,0.021510222916638892,0.02157608359264826,0.021642008402748915,0.02170803080819496,0.021774058790517782,0.021839665718626087,0.021905477596959676,0.021971161207129795,0.022036657991906624,0.022102744531445465,0.02216855083289507,0.022234206558684258,0.02229999752372541,0.0223614761686098,0.022423767643295973,0.022485618544726495,0.022547105554896533
0.008127935415323582,0.008160062122059542,0.008195342989098943,0.008229626398680398,0.008263578260357417,0.008297559665880675,0.00833165737110234,0.00836562048757909,0.00838744341636551,0.0084089136944448,0.008430268610754162,0.00845163900240834,0.008473111156291844,0.008494505464432837,0.008516790778297173,0.008539464852033466,0.008562080775928124,0.008584684976062271,0.008607472066840796,0.008630129727324326,0.008654183922060113,0.008678133071908747,0.008702094883418074,0.008725991979779392,0.00875010901386429,0.008774064260071069,0.008786829412083615,0.008799435120958985,0.008811984086842868,0.008824637159708534,0.008837333844958755,0.008849923609526057,0.008880983923082796,0.00891222572043862,0.008943503158027277,0.008974839214411015,0.009006250302861358,0.009037610744663985,0.009068358268313374,0.0090997004210533,0.00913098489289571,0.009162324700885387
0.37565696976542057,0.37394369911012276,0.3721883733633291,0.3704008650327835,0.36860554221006003,0.3668101597349279,0.36501597031176847,0.3632248529983049,0.361530850135609,0.3598485988375479,0.3581551328485793,0.3564599667599935,0.35477538901008426,0.35309173587547,0.35137810730401187,0.3496643594270663,0.34795269939166995,0.346233284516672,0.3445208191710794,0.34280546067404905,0.3411262218328592,0.3394391983257777,0.3377508326350149,0.3360693568207832,0.3343877020488365,0.33270598762418174,0.3308757381976839,0.3290450115502826,0.32722332227346834,0.3253952501672455,0.3235582599956597,0.32172201548172596,0.3199918929631026,0.3182546419574488,0.3165143486686685,0.3147767099210575,0.31304032387824143,0.3112988077109473,0.3095514455878981,0.3078106452519599,0.3060685623849086,0.3043295516272223
0.07577864691684832,0.07535867655749127,0.07492199885739247,0.07447635175986311,0.07402785577567102,0.07358109669340529,0.07313227906073383,0.07268650330379703,0.07221152186523087,0.07173997747027389,0.07126560256884144,0.07079161364545042,0.07031861723747444,0.06984694418312015,0.06937914010052718,0.06891098679958148,0.06844263131951528,0.0679755900032963,0.06750729885292486,0.06703905365241432,0.0665656896461123,0.06609613028179497,0.06562359337159596,0.06515542169068424,0.06468453897267237,0.06421455687031591,0.06374825994057426,0.06328613525101512,0.06282282505709155,0.062361132295505724,0.06189953143346319,0.06143427296880422,0.060973297023780376,0.06051521591510185,0.060054331869653005,0.059595818833009795,0.05913753554528422,0.05867836083173116,0.058218028183725845,0.05776066389159686,0.05730250926325919,0.05684215823529454
0.08801168537764505,0.08777246231172457,0.08758203749226584,0.08738183266590903,0.08718012648573674,0.08697718190048474,0.08677574291042418,0.08657376529901496,0.08637185554530401,0.08616864801109773,0.08596460921875271,0.08576099029659717,0.08555801178249789,0.08535527925287739,0.08515536282236023,0.08495738033937987,0.08475854115155959,0.08455970196375615,0.08436124871714461,0.08416096755091251,0.08397340972368575,0.08378627176662114,0.08359865032266203,0.0834110119142375,0.08322274582112399,0.0830358368841867,0.0828439785683577,0.08265363008870263,0.08246354031699803,0.08227334451747363,0.08208242772875335,0.08189134553660798,0.08167776423993711,0.08146452647348601,0.0812518909451031,0.0810398873425509,0.08082625091148442,0.08061416248659053,0.08041887735146153,0.08022152679432361,0.08002374364364624,0.07982605379743875
0.577177086365245,0.5799831761186754,0.5833332067493785,0.5866027181749823,0.5898730605521935,0.5931891883593153,0.5965346487561675,0.5998958141368862,0.603117712039403,0.6061402646681711,0.609166058008133,0.6122080549027549,0.6152392494273594,0.6182902205989755,0.6212748818378064,0.624297849942445,0.6273191561440056,0.630325920693516,0.633328862866026,0.6363694471431784,0.6393337500690256,0.6423216520186398,0.6453343994197178,0.6483444877754668,0.6513420287631665,0.6543418133196681,0.6575410262453631,0.6605150513043094,0.6635317872723699,0.6665439530069278,0.6695514654128638,0.6725433559302368,0.6756033844734081,0.6790101690934176,0.6823960968296637,0.6857963169322586,0.6891985313186747,0.6926032385598472,0.6960039572335194,0.6993899680652571,0.7027971681608338,0.7062018754018815
0.03789675168933773,0.03727660304303202,0.036640052382075045,0.03598391763322064,0.035318933171289785,0.03465368922686818,0.03399026165889261,0.03332911480400023,0.032736239116755675,0.03213693099906462,0.0315440689687612,0.030946864023675143,0.030352895779219593,0.02975443439334578,0.02913148606934571,0.028512689462687854,0.027894630332140558,0.02727770472966778,0.026658949093905735,0.026035468148277327,0.02540418907567627,0.02476406028980737,0.02412939428990965,0.023495438452188475,0.022861127533373698,0.022225669429513196,0.021513923519604513,0.02081011230630995,0.020100565167754818,0.019396513117996103,0.018689328275755375,0.01798193488371738,0.017332550366998926,0.016685804271627025,0.016039990955234347,0.01539157132229359,0.014745926450135659,0.01410593729753068,0.013521519051676967,0.012943053364361395,0.012372983842237862,0.01181378186620931
0.5942294990023083,0.5940955432009865,0.5939620033383656,0.5938257407232964,0.5936879623486044,0.5935498675526263,0.5934121861460202,0.5932743567355366,0.5931381221897558,0.5930026659383252,0.5928663956677288,0.592730806723399,0.5925948145973732,0.5924595931097194,0.5923121613374521,0.5921650664007403,0.5920182470567181,0.5918711291539266,0.591723620827771,0.5915769622460683,0.5914581921079866,0.5913387151258095,0.5912186690954948,0.5910986843083326,0.5909782478554914,0.5908582630683277,0.5907619996620711,0.5906657490145233,0.5905690900817396,0.5904725587382132,0.5903760427053641,0.5902791566638618,0.5901088353919538,0.5899394097963422,0.5897690808692889,0.5895993949916993,0.5894295177303042,0.5892594797064703,0.5891280884462831,0.5889969702269555,0.588865527931111,0.5887330853359702
0.04869967832715577,0.052486963515069054,0.05625130876334077,0.05992239106590731,0.0635541290842966,0.06721828365582891,0.07089184948455324,0.0745594025655152,0.07827211661048832,0.08197626902553105,0.08569153195267033,0.08939418118075051,0.09310513061493944,0.09681496899796455,0.10055604752672076,0.10430758300803726,0.10803931563552717,0.11178294304651569,0.11552545940616847,0.11925248640502006,0.12299729022315423,0.12667928696989048,0.13038951748861438,0.13407478203306786,0.13776141905253747,0.14145171600535136,0.14516286150746963,0.14886492253200903,0.15255750694316073,0.15625832620462446,0.1599829350330665,0.16369421124704495,0.16751142946175146,0.17129505471627857,0.17508521556616863,0.17889406821878578,0.18268932683312927,0.1864922320939226,0.1900560652766967,0.19367551637593045,0.19730339839302838,0.20093016935914423
0.0005355376593244493,0.0005395778482682554,0.000544314790164142,0.0005489001454283858,0.0005534360889065618,0.0005579998557404027,0.0005625767938541074,0.000567154589269938,0.000571793097275241,0.0005764234998772855,0.0005810397180242404,0.000585660222682403,0.0005902667766940991,0.0005948781627728784,0.000599508019819013,0.0006041569713249854,0.0006087690588326766,0.0006133930706360949,0.0006180322021346324,0.0006226739834772502,0.0006272947998813806,0.000631926371532147,0.0006365777390720178,0.0006411913853111286,0.0006458255288687592,0.0006504470467022145,0.0006550962320184877,0.0006597482230512996,0.0006644073842490229,0.0006690735597376584,0.0006737207966393369,0.00067837917847083,0.0006831486199172312,0.0006879202435879946,0.0006926716816864193,0.000697431225188286,0.0007021809486820105,0.0007069169553393179,0.0007114034090934141,0.0007159406774923866,0.0007204340676014644,0.0007249310427928262
0.3736466751426406,0.37436637754101093,0.3752469137013481,0.37608538174029055,0.376920574712722,0.37775272111002856,0.37858347115967306,0.3794236655922367,0.3801040925644603,0.3807640313220461,0.38142866688245575,0.38209566353741,0.38275974055925166,0.3834273973056753,0.3847524541149488,0.3860865237080869,0.3874223704691849,0.3887581918429694,0.39009731367228184,0.3914272196129052,0.3925707767293234,0.3937066666321986,0.39484875123769264,0.3959850981269101,0.39711918547323716,0.3982511402172894,0.3993001265745528,0.400350306173903,0.40140013033926086,0.40244698409425356,0.4034980522777161,0.40454782566684044,0.40543925333170366,0.406338424373974,0.4072334063759082,0.40812574801305745,0.40901786115707756,0.4099136048028469,0.41066049788211706,0.41140998054992817,0.4121550710724538,0.41289901912943744
0.2439846710840968,0.2435181505260737,0.243044700803536,0.2425660992847931,0.24208312732590767,0.24159997505450034,0.24111756120766356,0.2406340912420527,0.24014670591166032,0.2396563411266517,0.23916463687486272,0.23867184215939974,0.2381787469223906,0.2376875921953365,0.2371653377958679,0.23665780035872755,0.2361503316121577,0.23564239061795092,0.235135067839117,0.2346288011782802,0.23416412668026526,0.2336905481623219,0.23321417908851738,0.23274108140473762,0.2322663609053868,0.23179188082330507,0.23133384355526693,0.23087224296195377,0.2304128919860905,0.22994996051226724,0.22948558653577905,0.22902181360200533,0.22847068338819024,0.2279167626184979,0.22736065233564065,0.22680508299138616,0.22625104201309917,0.22569541256448591,0.22523983957204477,0.2247820598937823,0.22432231394692925,0.2238651353115116
