,ID_RMC,Ramo,Nombre del programa,Derecho Social o Bienestar Económico (directo),Descripción del programa,Cobertura del programa (PA/PPx100),Eficiencia del programa (PA/POx100),Gonzalo Include,Omar Include,Gonzalo Comments,Omar Comments
3,8-E001,Agricultura y Desarrollo Rural,"Desarrollo, aplicación de programas educativos e investigación en materia agroalimentaria",Educación,"El programa tiene como actividades principales el formar técnicos, profesionistas e investigadores en los sectores agropecuario, forestal y acuícola con alta calidad educativa; desarrollar proyectos de investigación que contribuyan a resolver problemas que se presentan en el sector agroalimentario, y, apoyar mediante la capacitación y la transferencia de tecnología e innovación a las comunidades rurales para mejorar su calidad de vida, en los temas antes mencionados.",111.44,111.44,,,,
4,8-E006,Agricultura y Desarrollo Rural,Generación de Proyectos de Investigación,Trabajo,"El Programa presupuestario (Pp) E006 ""Generación de Proyectos de Investigación"", busca eliminar el rezago tecnológico y la baja disponibilidad de recursos naturales por parte de las Unidades Económicas Rurales (UER). Promueve el desarrollo y adopción de tecnologías e instrumentos regulatorios entre las y los productores y usuarios vinculados al subsector agrícola, pecuario, forestal, pesquero y acuícola, a través de la generación, validación y transferencia de tecnología  para el subsector forestal y agropecuario, la generación de instrumentos técnicos que promuevan el ordenamiento, conservación y aprovechamiento sustentable de los recursos pesqueros y acuícolas y las capacitaciones a investigadores del sector pesquero y acuícola, a fin de incrementar la productividad, competitividad y sustentabilidad de las UER. El  Pp opera conforme a la demanda de proyectos de investigación, productos y/o servicios, por lo cual la periodicidad es variable. La Institución responsable de la operación del Pp es el Instituto Nacional de Investigaciones Forestales, Agrícolas y Pecuarias (INIFAP), en conjunto con el Instituto Nacional de Pesca y Acuacultura (INAPESCA) como corresponsable. Ambos Institutos generan bienes públicos.",2.29,2.29,,,,
7,8-S263,Agricultura y Desarrollo Rural,Sanidad e Inocuidad Agroalimentaria,Alimentación,"El objetivo del programa es contribuir a mantener y mejorar el patrimonio fitozoosanitario y de inocuidad agroalimentaria, acuícola y pesquera en las zonas o regiones del país. Esto mediante la ejecución de proyectos en las zonas o regiones donde se previenen y combaten plagas y enfermedades que afectan la agricultura, ganadería, acuacultura y pesca, así como los correspondientes en materia de inocuidad. Tiene cuatro componentes: I. Vigilancia Epidemiológica de Plagas y Enfermedades Fitozoosanitarias; II. Campañas Fitozoosanitarias; III. Inocuidad Agroalimentaria, Acuícola y Pesquera; y IV. Soporte a la Sanidad e Inocuidad. Se brinda apoyo por año fiscal y es en beneficio de toda la población. El Programa S263 Sanidad e Inocuidad Agroalimentaria provee bienes públicos como son la sanidad y la inocuidad del sector agropecuario, que beneficia a la sociedad en su conjunto. Se considera como un bien público, al producir un resultado (externalidad) que beneficia por igual a todos los habitantes de una determinada región agropecuaria del país, por lo que es imposible excluir a alguien de este efecto.
",100,100,,,,
12,10-B002,Economía,Generación y difusión de información para el consumidor  ,Bienestar Económico,"El programa presupuestario B002 “Generación y difusión de información para el consumidor” busca brindar herramientas a la población consumidora para la toma de decisiones de compra informadas y para empoderar a los consumidores. Lo anterior, mediante el fomento de una cultura del consumo razonado, informado, seguro, saludable y sustentable, a partir de la elaboración de estudios sobre consumo, comparativos de precios, productos informativos y educativos; capacitación en temas de consumo y derechos de los consumidores a Grupos de Consumidores y Asociaciones de la Sociedad Civil. Estos productos y servicios se pueden encontrar en la Revista del Consumidor en sus distintas plataformas (televisión, radio e internet) y en medios digitales y redes sociales institucionales (YouTube, Twitter, Instagram y Facebook). La cobertura del programa es a nivel nacional y sus productos están disponibles todo el año.",46.95,78.9,,,,
13,10-E005,Economía,Protección de los derechos de los consumidores,Bienestar Económico,"El programa E005 ""Protección de los derechos de los consumidores"" tiene como objetivo resolver los conflictos de la población consumidora con los proveedores de bienes, productos y servicios. Está dirigido a la población consumidora y otorga servicios como: protección de los derechos a la recepción de publicidad comercial, solución de controversias entre consumidores y proveedores, provee certeza jurídica, y brinda asesoría e información a la población consumidora en el ejercicio de sus derechos. Entre sus principales actividades se encuentra la administración del Registro Público para Evitar Publicidad (REPEP), atención de las consultas recibidas a través de los diferentes medios que ofrece el Teléfono del Consumidor, registro de contratos de adhesión y el registro de casas de empeño. La cobertura del programa es a nivel nacional y sus servicios están disponibles todo el año.",9.03,102.29,,,,
14,11-B003,Educación Pública,Producción y distribución de libros y materiales educativos,Educación,"El programa tiene como objetivo la edición, producción y distribución de libros de texto gratuito y materiales educativos de manera oportuna y suficiente, de acuerdo con los planes y programas de estudio vigentes, para que los estudiantes y docentes de educación preescolar, primaria y telesecundaria puedan mejorar las condiciones de aprendizaje, y con ello contribuir a una educación más equitativa, inclusiva, intercultural e integral. Los libros y materiales educativos que se entregan cada año son: 1) los materiales educativos desarrollados, seleccionados y editados en diferentes formatos e integrados en archivos digitales autorizados por la Dirección General de Materiales Educativos (DGME) para su producción y distribución y 2) los libros de texto gratuitos y materiales educativos son producidos y distribuidos por la Comisión Nacional de Libros de Texto Gratuitos (CONALITEG). Los libros de texto gratuitos y los materiales educativos son distribuidos a cada uno de los almacenes autorizados en las Entidades Federativas previo al inicio del ciclo escolar. La periodicidad de la entrega de libros y materiales educativos es anual, con base en el ciclo escolar.",100,100,,,,
15,11-E007,Educación Pública,Servicios de Educación Media Superior,Educación,"El programa tiene como objetivo contribuir a una educación de excelencia, pertinente y relevante en la Educación Media Superior mediante la prestación de los servicios que ofrecen los planteles de ese nivel en sus diferentes modalidades, favoreciendo el desarrollo humano integral de las (os) alumnas (os) y su egreso de este nivel educativo. La asignación de recursos al programa es anual, y la prestación de servicios es durante todo el año. Las Unidades Responsables que operan el programa son las siguientes  Instituciones de Educación Media Superior: Dirección General de Educación Tecnológica Industrial y Servicios (DGETI), Dirección General de Educación Tecnológica Agropecuaria y Ciencias del Mar (DGETAyCM), Dirección General del Bachillerato (DGB),  Subsecretaría de Educación Media Superior (SEMS),  Universidad Nacional Autónoma de México (UNAM), Instituto Politécnico Nacional (IPN), Centro de Enseñanza Técnica Industrial (CETI), Comisión de Operación y Fomento de Actividades Académicas del IPN (COFAA), Colegio Nacional de Educación Profesional Técnica (CONALEP) y Colegio de Bachilleres (COLBACH).",91.54,5501.36,,,,
16,11-E010,Educación Pública,Servicios de Educación Superior y Posgrado,Educación,"El programa tiene como objetivo contribuir a una educación de excelencia, pertinente y relevante en la educación superior y el posgrado, en sus distintas modalidades, a través de programas de reconocidos por su calidad, así como posgrados registrados en el Sistema Nacional de Posgrados del Consejo Nacional de Humanidades, Ciencias y Tecnologías (CONACyT). Su planeación y los servicios brindados son anuales, en función de los recursos que recibe a través del Presupuesto de Egresos de la Federación. El programa es operado conjuntamente por las siguientes Unidades Responsables (UR’s): Dirección General de Universidades Tecnológicas y Politécnicas (DGUTyP), Universidad Pedagógica Nacional (UPN), Universidad Autónoma Metropolitana (UAM), Universidad Nacional Autónoma de México (UNAM), Instituto Politécnico Nacional (IPN), Universidad Abierta y a Distancia de México (UNADM), Centro de Enseñanza Técnica Industrial (CETI), Centro de Investigación y Estudios Avanzados del IPN (CINVESTAV), Comisión de Operación y Fomento de Actividades Académicas del IPN (COFAA), El Colegio de México, A.C. (COLMEX), el Tecnológico Nacional de México (TecNM) y la Universidad Autónoma Agraria Antonio Narro (UAAAN).",0.52,191,,,,
17,11-E011,Educación Pública,Desarrollo Cultural,Educación,"El programa tiene como objetivo promover y difundir el arte y la cultura mediante la realización de actividades artísticas-culturales (cine, teatro, música, danza, exposiciones, talleres, ferias de libros, conferencias, entre otros) a nivel nacional. La planeación de las actividades artístico-culturales es anual, en función de la asignación de recursos conforme lo establecido en el Presupuesto de Egresos de la Federación. Las instituciones que operan el programa son: la Universidad Autónoma Metropolitana (UAM) y la Universidad Nacional Autónoma de México (UNAM).",5.97,116.79,,,,
18,11-E013,Educación Pública,Producción y transmisión de materiales educativos,Educación,"El programa contribuye a promover el uso, de manera suficiente, de las tecnologías de la información, comunicación, conocimiento y aprendizajes digitales (TICCAD) para reforzar el aprendizaje en los estudiantes de educación básica, mediante la oferta de contenidos de calidad alineados a los planes y programas educativos y de fácil acceso que ofrece la Dirección General @prende.mx; mientras que XE-IPN Canal 11 produce y transmite programas con contenido educativo y de divulgación, informativo y periodístico, recreativo y de entretenimiento y para niñas y niños. El programa está dirigido a todos los alumnos inscritos en educación básica, telesecundarias y telebachillerato del país, así como a las personas que cuentan con un aparato televisor y/o dispositivo con acceso a internet. En 2022, el programa es operado por la Dirección General @prende.mx y XE-IPN Canal 11.",71.98,76.88,,,,
19,11-E016,Educación Pública,Producción y distribución de libros y materiales culturales,Educación,"El programa es operado por el Fondo de Cultura Económica (FCE) y tiene como objetivo poner al alcance de la comunidad lectora de la República Mexicana, la mayor diversidad posible de libros y materiales culturales a un precio accesible, a través de la promoción, fomento, edición, publicación, exhibición y comercialización, de los mismos. La asignación de los recursos es anual conforme a lo establecido en el Presupuesto de Egresos de la Federación. ",37.52,91.28,,,,
20,11-E017,Educación Pública,Atención al deporte,Salud,"El programa tiene como objetivo otorgar bienes y servicios conforme lo solicitan las personas de la comunidad deportiva y deportistas en formación hacia el alto rendimiento en desarrollo y el alto rendimiento en las instalaciones en óptimo estado (a través de la CONADE) así como ofrecer el servicio de resolución de los recursos de apelación y procedimientos de arbitraje, por controversias en materia deportiva, a partir de la solicitud de las personas físicas y morales, miembros del Sistema Nacional de Cultura Física y Deporte (SINADE) e inscritos en el Registro Nacional de Cultura Física y Deporte (RENADE) a través de la  Comisión de Apelación y Arbitraje del Deporte (CAAD). Se considera que la población objetivo, es factible de medición a través del indicador de Nivel Propósito de la Matriz de Indicadores para Resultados, y que se actualiza de forma anual. El programa es operado por las Unidades Responsables a cargo de la Comisión Nacional de Cultura Física y Deporte (CONADE) y de la Comisión de Apelación y Arbitraje del Deporte (CAAD). ",139.36,139.36,,,,
21,11-E021,Educación Pública,Investigación Científica y Desarrollo Tecnológico,Educación,"El programa tiene como propósito que las instituciones de Educación Media Superior y Superior generen conocimiento científico, humanístico, de innovación y desarrollo tecnológico que incida en la atención de las prioridades nacionales. La asignación de los recursos al programa es anual. El programa es operado de manera conjunta por las siguientes Unidades Responsables: Subsecretaría de Educación Media Superior (SEMS), Universidad Pedagógica Nacional (UPN), Universidad Autónoma Metropolitana (UAM), Universidad Nacional Autónoma de México (UNAM), Instituto Politécnico Nacional (IPN), Centro de Enseñanza Técnica Industrial (CETI), Centro de Investigación y de Estudios Avanzados del IPN (CINVESTAV), Comisión de Operación y Fomento de Actividades Académicas del Instituto Politécnico Nacional (COFAA-IPN), El Colegio de México A.C. (COLMEX), Tecnológico Nacional de México (TecNM), Universidad Autónoma Agraria Antonio Narro (UAAAN) y  Dirección General de Educación Tecnológica Industrial y de Servicios (DGETI).",9.09,13.85,,,,
22,11-E028,Educación Pública,Normalización y certificación en competencias laborales,Trabajo,"El programa tiene como objetivo la formación para el trabajo e impulsar los procesos de estandarización y certificación de competencias laborales para fortalecer la pertinencia de la capacitación para el trabajo, la educación media superior y la educación superior a fin de contribuyan a los requerimientos del país. Los estándares y certificados se emiten con el objetivo de evaluar y certificar a las personas que lo solicitan; ambos procesos son referentes para los sistemas de formación y capacitación por competencias para y en el trabajo. La asignación de los recursos al programa es anual, conforme a lo establecido en el Presupuesto de Egresos de la Federación, y la prestación de servicios es durante todo el año.  El programa es operado por el Fideicomiso de los Sistemas Normalizado de Competencia Laboral y de Certificación de Competencia Laboral (CONOCER) y por la Dirección General de Centros de Formación para el Trabajo (DGCFT)",0.16,87.7,,,,
23,11-E032,Educación Pública,Políticas de igualdad de género en el sector educativo,No Discriminación,"El programa tiene como objetivo que las áreas del sector central, los órganos desconcentrados y entidades paraestatales de la Secretaría de Educación Pública (SEP) desarrollen las condiciones para institucionalizar las perspectivas de igualdad de género y de derechos humanos en las prácticas institucionales derivadas de sus atribuciones, a través de la transversalidad. Es operado por la Coordinación Sectorial de Igualdad de Género y Programas Transversales, adscrita a la Unidad de Administración y Finanzas de la SEP.",45,48.21,,,,
24,11-E039,Educación Pública,Registro Nacional de Profesionistas y sus Asociaciones,Educación,"El programa tiene como objetivo contribuir al fortalecimiento de la calidad y pertinencia de la Educación Media Superior y la formación para el trabajo, mediante la autorización del ejercicio profesional y grado académico en México de los egresados de los niveles de Educación Media Superior, Superior, así como, de los Colegios y Federaciones de profesionistas. Los servicios que otorga, de acuerdo con la solicitud de los profesionistas y de las instituciones educativas y público usuario durante el año son: 1) el registro de título profesional, 2) la expedición de cédula, y 3) la autorización y registro, tanto de los colegios, como de las federaciones de profesionistas. La asignación de los recursos al programa es anual, conforme a lo establecido en el Presupuesto de Egresos de la Federación, y la prestación de servicios es durante todo el año. La Unidad Responsable de operar el programa es la Dirección General de Profesiones (DGP) de la Secretaría de Educación Pública.",78.95,116.48,,,,
25,11-E047,Educación Pública,Programa de mantenimiento e infraestructura física educativa,Educación,"El programa tiene como objetivo orientar sus esfuerzos a la mejora de la infraestructura física educativa de los planteles de educación básica, media superior y superior en las Entidades federativas, mediante acciones de normalización y diseño para la ampliación, adecuación, modernización y conservación para su mejor aprovechamiento y funcionalidad de los planteles de educación básica, media superior y superior en las entidades federativas y en las Dependencias Politécnicas (normalización y diseño para la ampliación, adecuación, modernización y conservación para su mejor aprovechamiento y funcionalidad). En 2022, la asignación de los recursos al programa fue anual, conforme a lo establecido en el Presupuesto de Egresos de la Federación, y la prestación de servicios fue durante todo el año. Las Unidades Responsables de operar de manera conjunta el programa son el Instituto Nacional de la Infraestructura Física Educativa (INIFED) y el Patronato de Obras e Instalaciones del Instituto Politécnico Nacional (POI-IPN). ",4.25,68.42,,,,
26,11-E064,Educación Pública,Educación para Adultos (INEA),Educación,"El programa tiene como objetivo la prestación de servicios educativos para la población de 15 años o más, orientados a reducir el rezago educativo. Otorga servicios educativos gratuitos de calidad en la alfabetización, primaria y secundaria con el apoyo del Modelo Educación para la Vida y el Trabajo para que concluyan su educación básica. Además, da atención a poblaciones específicas de: Primaria para niños y jóvenes de 10 a 14 años que se encuentran en extra-edad para cursar la primaria escolarizada; población indígena; jornaleros agrícolas migrantes; población vulnerable (ciegos y débiles visuales), así como jóvenes embarazadas y mexicanos en el exterior y población en retorno. La prestación de servicios es durante todo el año y la asignación de los recursos al programa es anual, conforme a lo establecido en el Presupuesto de Egresos de la Federación. La Unidad Responsable de operar el programa es el Instituto Nacional para la Educación de los Adultos (INEA).",1.71,74.81,,,,
27,11-E066,Educación Pública,Educación Inicial y Básica Comunitaria,Educación,"El programa tiene como objetivo contribuir a una educación equitativa, inclusiva, intercultural e integral de niñas, niños y adolescentes, que por sus condiciones socioeconómicas y geográficas no cuentan con un acceso adecuado a los servicios educativos en los niveles de educación básica, preferentemente en localidades de alta y muy alta marginación. Además de aminorar de la tasa de abandono escolar, el programa busca brindar a toda la comunidad la posibilidad de aprender, independientemente de su edad, basado en el interés personal y en la práctica de los principios de la Relación Tutora que genera bienestar personal y se multiplica en la posibilidad de compartirlo con otros. La asignación de los recursos al programa es anual, conforme a lo establecido en el Presupuesto de Egresos de la Federación, y el funcionamiento de los servicios es durante todo el ciclo escolar. La Unidad Responsable de operar el programa es el Consejo Nacional de Fomento Educativo (CONAFE).",6.65,82.34,,,,
30,11-S243,Educación Pública,Programa de Becas Elisa Acuña,Educación,"El programa tiene como principal objetivo lograr que los/las alumnos/as, egresados/as y/o personal docente, y profesores/as - investigadores/as, investigadores/as y/o personal con funciones de dirección (directores/as) de instituciones de educación básica, media superior y/o superior del Sistema Educativo Nacional permanezcan, egresen, realicen su servicio social, prácticas profesionales, educación dual, alcancen la superación académica, se capaciten y/o realicen investigación, mediante una beca. El programa es operado de manera conjunta por la Subsecretaría de Educación Media Superior, Universidad Pedagógica Nacional, Universidad Autónoma Metropolitana, Universidad Nacional Autónoma de México, Instituto Politécnico Nacional, Centro de Enseñanza Técnica Industrial, Centro de Investigación y de Estudios Avanzados del IPN, Comisión de Operación y Fomento de Actividades Académicas del Instituto Politécnico Nacional, El Colegio de México A.C., Universidad Autónoma Agraria Antonio Narro, Dirección General de Política Educativa, Mejores Prácticas y Cooperación.",11.75,24.37,,,,
31,11-S247,Educación Pública,Programa para el Desarrollo Profesional Docente,Educación,"El Programa para el Desarrollo Profesional Docente contribuye a fortalecer el perfil necesario para el desempeño de las funciones de las y los profesores de tiempo completo, personal docente y personal con funciones de dirección, supervisión o asesoría técnico pedagógica y cuerpos académicos, mediante el acceso y/o conclusión de programas de formación, actualización académica, capacitación y/o proyectos de investigación. El programa es operado por la Dirección General de Formación Continua de Docentes y Directivos, la Coordinación Sectorial de Fortalecimiento Académico de la Subsecretaría de Educación Media Superior, la Dirección General de Educación Superior Universitaria e Intercultural, la Dirección General de Universidades Tecnológicas y Politécnicas y el Tecnológico Nacional de México",25.99,213.46,,,,
39,11-U006,Educación Pública,Subsidios para organismos descentralizados estatales,Educación,"El Programa  contribuye al sostenimiento y ampliación de la cobertura de los servicios proporcionados por los ODEs de Educación Media Superior, Educación Superior  y Formación para el Trabajo, las cuales, se integran por Universidades Públicas Estatales, Universidades Públicas Estatales de Apoyo Solidario, Universidades Interculturales, Universidades Tecnológicas, Universidades Politécnicas, Planteles de Educación Media Superior, los Institutos Tecnológicos Descentralizados y los Centros de formación para el trabajo. Se rige por los Criterios Generales para la Distribución del Programa. Los apoyos que entrega son subsidios federales para el sostenimiento del funcionamiento de las ODES a través del gasto corriente y gasto de operación de las instituciones educativas. Es operado de manera conjunta por la Subsecretaría de Educación Media Superior, el Tecnológico Nacional de México, la Dirección General de Educación Superior Universitaria e Intercultural y la Dirección General de Universidades Tecnológicas y Politécnicas.",99.2,99.2,,,,
40,11-U031,Educación Pública,Expansión de la Educación Inicial,Educación,"El objetivo del programa es ampliar la cobertura de los servicios de educación inicial a través de modalidades escolarizadas y no escolarizadas para niños y niñas de 0 a 2 años 11 meses. Los apoyos del programa en modalidad escolarizada incluye el mantenimiento de los Centros de Atención Infantil (CAI) y los Centros de Desarrollo Infantil (CENDI), en la modalidad no escolarizada a los Centros Comunitarios de Atención para la Primera Infancia (CCAPI), el programa otorga apoyos para su establecimiento y operación; así como apoyos para el traslado de Agentes Educativos mediante la Estrategia de Visitas a Hogares. La operación del programa se realiza mediante la transferencia de recursos a las entidades federativas mediante convenios con las Autoridades Educativas Estatales. El programa se encuentra adscrito a la Dirección General de Gestión Escolar y Enfoque Territorial, de la Subsecretaría de Educación Básica.",0.43,62.69,,,,
42,11-U080,Educación Pública,Apoyos a centros y organizaciones de educación,Educación,"El programa busca establecer la vinculación entre las Instituciones Públicas de Educación Superior, las instancias gubernamentales, organizaciones de la sociedad civil y el sector privado, para mejorar la pertinencia de la oferta educativa, la innovación tecnológica y su aplicación en el área local mediante la asignación de subsidios federales. Los subsidios con carácter extraordinarios y no regularizables tienen el propósito de que las Entidades Federativas atiendan las problemáticas o situaciones coyunturales y estén en condiciones de solventar los gastos de operación y prestación de servicios educativos bajo su responsabilidad que les corresponden. El programa es operado conjuntamente por las siguientes unidades responsables: Subsecretaría de Educación Superior, Subsecretaría de Educación Media Superior, Unidad de Administración y Finanzas y Dirección General de Educación Superior Universitaria e Intercultural.",42.53,75.51,,,,
45,12-E010,Salud,Formación y capacitación de recursos humanos para la salud,Salud,"El objetivo del Programa es el fortalecimiento de los servicios de salud al contar con personal con capacidades, conocimientos y competencias necesarias para brindar la mejor atención con calidad y seguridad. El Programa desarrolla programas académicos, cursos y eventos de capacitación de forma anual, para la formación de especialistas de posgrado y, educación continua para médicos especialistas y otros profesionales de la salud (especialidades, maestrías, doctorados, tanto clínicos como no clínicos), así como cursos de actualización (educación continua) para personal de los servicios de salud y capacitación a los servidores públicos de la Secretaría de Salud y sus órganos coordinados.",73.19,82.17,,,,
46,12-E022,Salud,Investigación y desarrollo tecnológico en salud,Salud,"El Programa tiene como objetivo generar conocimiento científico y tecnológico en investigación para la salud de calidad y en diversas áreas del conocimiento de la ciencia médica, fortaleciendo de forma anual los fondos para el desarrollo de proyectos de investigación para la salud, mejorar el entorno laboral de los investigadores y la difusión de resultados relevantes de la investigación para la salud (artículos publicados en revistas de alto impacto nacional e internacional, libros, capítulos de libros, desarrollos tecnológicos, tesis, entre otros), que permita estar en mejores condiciones para contribuir a mejorar la salud de la población.",57.68,74.47,,,,
47,12-E023,Salud,Atención a la Salud,Salud,"El objetivo del programa es proporcionar atención hospitalaria y ambulatoria de alta especialidad de manera continua a la población que la demanda o es referenciada, sin restricciones sociales, laborales, de género o de otro tipo, con énfasis en la población vulnerable sin seguridad social, en las unidades médicas que integran la Comisión Coordinadora de Institutos Nacionales de Salud y Hospitales de Alta Especialidad (CCINSHAE): Institutos Nacionales de Salud, Hospitales Regionales de Alta Especialidad, Hospitales Federales de Referencia y Servicios de Atención Psiquiátrica en coordinación con la red de servicios, para mejorar las condiciones de salud de la población.",63.09,91.92,,,,
48,12-E025,Salud,Prevención y atención contra las adicciones,Salud,"El Programa contribuye a consolidar las acciones de protección, promoción de la salud y prevención de enfermedades, mediante acciones integrales para la prevención y tratamiento de las adicciones; y los problemas de salud ocasionados por el uso, abuso y dependencia del tabaco, alcohol y otras drogas en la población que, por sus características biopsicosociales y de vulnerabilidad social, tienen mayor probabilidad de uso, abuso o dependencia, a través de servicios de prevención, capacitación en temas de adicciones, consultas, tratamientos, detección de riesgos, proporcionados de manera permanente por las unidades de atención especializadas en adicciones, (Unidades de Especialidades Médicas-Centros de Atención Primaria en Adicciones y Centros de Integración Juvenil, A.C.).",5.73,47.31,,,,
49,12-E036,Salud,Programa de vacunación,Salud,"Contribuir al bienestar y equidad en salud mediante la vacunación universal de la población en la línea de vida, así como consolidar las acciones de protección, promoción de la salud y prevención de enfermedades mediante acciones permanentes e intensivas de vacunación, capacitación, supervisión y difusión de campañas de vacunación, al establecer los criterios para la planeación, programación, ejecución, monitoreo y evaluación del Programa de Vacunación Universal (PVU) que deben llevarse a cabo en todas las Instituciones del Sistema Nacional de Salud. Se rige por los lineamientos del PVU con el objetivo de otorgar protección específica a la población contra enfermedades que sean prevenibles a través de la aplicación de vacunas y garantizar el acceso universal a las vacunas.",27.39,99.07,,,,
50,12-E040,Salud,Servicios de asistencia social integral,Salud,"Contribuir al bienestar de las personas que, por sus condiciones físicas, mentales, jurídicas, económicas o sociales, requieran de servicios de salud, educación, capacitación y recreación basados en el estudio personalizado de sus necesidades para su protección. El Programa opera a través de tres componentes: el primero se enfoca en la prevención, rehabilitación e inclusión de personas con discapacidad o en riesgo de presentarla, el segundo se orienta en el cuidado alternativo o acogimiento residencial de niñas, niños, adolescentes y adultos mayores sin cuidado parental o familiar, así como de brindar servicios de recreación y esparcimiento para la población de escasos recursos económicos, y el tercero se dirige a la capacitación para el trabajo de la población que se encuentra en condiciones de vulnerabilidad en las alcaldías de Tláhuac y Xochimilco. La periodicidad con la que se otorgan los servicios depende de la inclusión social de los beneficiarios y esta puede ser mensual o anual.",3.61,56.8,,,,
52,12-S039,Salud,Programa de Atención a Personas con Discapacidad,No Discriminación,"El objetivo del programa es contribuir al bienestar social e igualdad mediante el acceso a medios que permitan la inclusión social de las personas con discapacidad (PCD), otorgando anualmente, recursos económicos (subsidios federales), a los sistemas estatales (SEDIF), sistemas municipales (SMDIF) a través de los SEDIF para fomentar la ejecución de obras y/o acciones enfocadas a beneficiar a las PCD, con la instrumentación de proyectos. Estos se circunscriben en tres vertientes: 1) Acciones en salud (ayudas funcionales y equipo, atención especializada, promoción de la salud y prevención de la discapacidad), 2) Acciones de infraestructura y equipamiento (remodelación, construcción, operación y equipamiento), y 3) Acciones de desarrollo para la inclusión laboral, educativa y social de las PCD (inclusión laboral, desarrollo educativo, cultural, recreación, deporte y arte, desarrollo social integral).",0.32,0.66,,,,
53,12-S200,Salud,Fortalecimiento a la atención médica,Salud,"El programa tiene el objetivo de contribuir a asegurar el acceso efectivo a servicios de salud con calidad, mediante la transferencia anual de recursos presupuestarios federales con carácter de subsidios a las entidades federativas, para la organización y operación efectiva de equipos de salud itinerantes, a través del establecimiento de rutas fijas de las Unidades Médicas Móviles (UMM) de diferente capacidad resolutiva, que forman parte de las Redes Integradas de Servicios de Salud (RISS), para brindar servicios de atención primaria de salud mediante la promoción de la salud, prevención de enfermedades, atención médica y odontológica, así como la referencia de pacientes a unidades médicas de mayor complejidad, sin discriminación por condiciones de género, edad, origen étnico, posición social, económica, discapacidad o creencia religiosa, en las localidades con menos de 2,500 habitantes y que se encuentren sin acceso a servicios de salud por falta de infraestructura o en situación de desastre.",5.69,88.9,,,,
54,12-U008,Salud,"Prevención y Control de Sobrepeso, Obesidad y Diabetes",Salud,"El Programa tiene como objetivo contribuir a las acciones de protección, promoción de la salud y prevención de enfermedades mediante acciones encaminadas a la detección, diagnóstico, tratamiento, y control del sobrepeso, obesidad y las enfermedades no transmisibles, en la población de 5 años y más, responsabilidad de los 32 Servicios Estatales de Salud, en apego a la Estrategia Nacional para la Prevención y el Control del Sobrepeso, Obesidad y Diabetes. Realiza transferencias de subsidios de forma anual a los 32 servicios estatales de salud, mediante convenio de colaboración del Acuerdo para el Fortalecimiento de Acciones de Salud Pública en las Entidades Federativas (AFASPE), su área de enfoque son los 32 servicios estatales de salud, que ejecutan la normatividad emitida por el programa y que se ve reflejado en acciones hacia la población.",100,100,,,,
55,12-U009,Salud,Vigilancia epidemiológica,Salud,"El objetivo del Programa es contribuir a consolidar las acciones de protección, promoción de la salud y prevención de enfermedades mediante la identificación temprana y control de riesgos, así como el ingreso a tratamiento oportuno y específico de casos nuevos de enfermedades infecciosas y transmisibles que están bajo la responsabilidad del Centro Nacional de Programas Preventivos y Control de Enfermedades (CENAPRECE) y la Dirección General de Epidemiología (DGE) como son: Tuberculosis, lepra, dengue, paludismo, chagas, leshmaniasis, picadura de alacrán, mordedura por perro y otras especies, en apoyo a las poblaciones de las entidades federativas, a través de acciones anuales como verificar la operación y observancia de la normatividad oficial y lineamientos vigentes, garantizar el desempeño técnico de la Red Nacional de Laboratorios de Salud Pública y, la publicación de los Boletines Semanales de Información Epidemiológica. ",100,100,,,,
61,14-S043,Trabajo y Previsión Social,Programa de Apoyo al Empleo (PAE),Trabajo,"El Programa tiene como objetivo lograr la inserción en un empleo formal de Buscadores de Trabajo, mediante acciones de intermediación laboral y movilidad laboral, con atención preferencial a quienes enfrentan mayores barreras de acceso al empleo. Cuenta con dos subprogramas: 1. Intermediación Laboral consiste en proporcionar información y asesoría tanto a empleadores (definir, perfilar, publicar y cubrir sus vacantes) como a buscadores de trabajo (postularse a una vacante con base en su perfil laboral) a través de las intervenciones que realiza el Servicio Nacional de Empleo, las cuales se agrupan en cuatro modalidades: Bolsa de Trabajo, Ferias de Empleo, Portal del Empleo y Vinculación con el Programa Jóvenes Construyendo el Futuro. 2. Movilidad Laboral son intervenciones con las cuales se proporciona información y asesoría tanto a Empleadores, para definir, perfilar, publicar y cubrir sus vacantes dentro y fuera del territorio nacional, como a Buscadores de Trabajo que requieren trasladarse a una entidad federativa distinta a su lugar de residencia o incluso al extranjero, para desarrollar labores estacionales.",5.7,10.14,,,,
63,15-E003,"Desarrollo Agrario, Territorial y Urbano",Ordenamiento y regulación de la propiedad rural,Bienestar Económico,"El objetivo del programa es otorgar seguridad jurídica y certeza en la tenencia de la tierra a los sujetos, a partir de la emisión de certificados y títulos de actos jurídicos, documentos relativos a procedimientos administrativos de terrenos nacionales, colonias agrícolas y ganaderas, expropiaciones, excedencias y ejecución de resoluciones presidenciales, la conclusión de los expedientes de actos para el ordenamiento y regulación de la propiedad rural, la inscripción de certificados y títulos y la atención de solicitudes de audiencia u otorgamiento de asesorías y asistencias para el ordenamiento y regulación de la propiedad rural, lo anterior tomado del documento diagnóstico del programa. ",2.77,129.49,,,,
64,15-S177,"Desarrollo Agrario, Territorial y Urbano",Programa de Vivienda Social,Vivienda,"En 2022 el objetivo Programa Vivienda Social (PVS) fue Disminuir la carencia de una vivienda adecuada de la población objetivo y/o beneficiada, denominada como ''la población en situación de vulnerabilidad por condiciones sociodemográficas, por riesgo o por precariedad de su vivienda'', que tuvo cobertura nacional, mediante el otorgamiento anual de subsidios a personas que previamente no hayan sido beneficiarias del Programa, conforme a lo establecido en las Reglas de Operación (ROP), los apoyos que se otorgaron a través de la operación de dos esquemas de operación: cofinanciamiento y subsidio al 100%.  Su diseño incluyó seis modalidades de aplicación de subsidio: A) Adquisición de Vivienda; B) Autoproducción; C) Reubicación de Vivienda; D) Reconstrucción de Vivienda; E) Mejoramiento Integral Sustentable; y, F) Mejoramiento de Unidades Habitacionales.",0.67,0.89,,,,
65,15-S213,"Desarrollo Agrario, Territorial y Urbano",Programa para Regularizar Asentamientos Humanos,Vivienda,"El programa tiene como objetivo contribuir al ejercicio efectivo del derecho a la propiedad urbana para todas las personas, en un entorno ordenado y sostenible. De manera específica, contribuir a que las personas que habitan en localidades urbanas que no cuentan con certeza jurídica del lote que ocupan y que se encuentran en un grado de marginación urbana de bajo a muy alto, obtengan la acreditación legal de la propiedad del lote.
A través de apoyos para la asistencia en los trabajos jurídicos especializados, apoyos para la asistencia en los trabajos técnicos especializados y apoyos para la asistencia en los trabajos administrativos especializados. Otorgando subsidios para cubrir el costo total del conjunto de actos jurídicos, técnicos y administrativos necesarios para contribuir al otorgamiento de la certeza jurídica en la tenencia de los lotes con uso habitacional. Cabe destacar, que las solicitudes de apoyo del PRAH podrán ser recibidas durante el ejercicio fiscal, pero al ser por única vez, el apoyo acreditará en una sola exhibición. ",0.21,2.4,,,,
68,15-U003,"Desarrollo Agrario, Territorial y Urbano",Programa de modernización de los registros públicos de la propiedad y catastros,Vivienda,"El programa tiene como objetivo contribuir a mejorar el ordenamiento y la planeación del territorio, implementando proyectos de modernización en las instituciones registrales y/o catastrales de las entidades federativas, para brindar una certeza jurídica y utilidad pública al registrar sus inmuebles y/o predios en el registro público de la propiedad y al contar con una cuenta catastral.  
Los bienes y/o servicios empleados para el cumplimiento del objetivo principal del programa se componen por: 1. Apoyos financieros a instituciones registrales y catastrales de entidades federativas y municipios 2. Apoyos a entidades y municipios para la ejecución  de proyectos de modernización registral. Las entidades que deseen el apoyo para sus proyectos, deben considerar los requisitos de los lineamientos del programa que se actualizan de manera anual, además de apegarse a los Modelos integral de los registros públicos de la propiedad y el óptimo de catastro. Durante el ejercicio 2022, se abrió la ventanilla de recepción de proyectos del Sistema Integral para la Gestión de Información Registral y Catastral en marzo y en septiembre. El sistema antes mencionado es la herramienta que contribuye en el seguimiento del avance de modernización de los registros públicos de la propiedad y catastros y permite medir el estatus de modernización en el que se encuentran los gobiernos estatales. Cabe destacar que el apoyo a la institución beneficiaria será una aportación no mayor al 60% del total de recursos del proyecto aprobado y la entidad aportará el 40% restante. 

",25.4,45.71,,,,
69,16-E005,Medio Ambiente y Recursos Naturales,Capacitación Ambiental y Desarrollo Sustentable,Medio Ambiente Sano,"El programa tiene el objetivo que los actores estratégicos vinculados a la educación ambiental como son las personas, instituciones, organizaciones de la sociedad civil e instancias de los tres niveles de gobierno que realizan actividades de educación y cultura ambiental dirigidas a diferentes grupos de la población, mejoren su capacidad de gestión. Como programa de prestación de servicios del gobierno, las actividades que realiza son gastos directos que no tienen periodicidad, se aplican a temas de educación formal, no formal e informal, en acciones encaminadas a apoyar la cultura del agua en los municipios y entidades federativas; desarrollar e impartir cursos, talleres, diplomados en línea y presencial; ferias; asesorías técnicas; diseño y producción de documentos sobre el tema; así como su difusión en la web y en redes sociales, entre otros. Lo anterior para contribuir a fortalecer y formar una ciudadanía participativa, crítica y corresponsable en la transformación hacia la sustentabilidad. El Centro de Educación y Capacitación para el Desarrollo Sustentable (CECADESU) y la Comisión Nacional del Agua (CONAGUA) son las áreas responsables del programa. ",0.23,844.63,,,,
71,16-E014,Medio Ambiente y Recursos Naturales,Protección Forestal,Medio Ambiente Sano,"El Programa tiene como objetivo proteger los ecosistemas forestal y preferentemente forestales de México de la deforestación, así como de plagas, enfermedades e incendios forestales, para lo cual se consideran acciones que atienden necesidades de la población de forma anual de acuerdo con los siguientes componentes: I. Planeación e implementación de actividades de manejo del fuego; II. Convenios para la incorporación de superficie a esquemas de protección; III. Monitoreo de superficie para la detección de plagas y enfermedades forestales; IV. Información estratégica para la protección de los recursos forestales; V. Formación, capacitación, entrenamiento, divulgación de tecnologías y de la cultura forestal. Estos servicios se proporcionan de manera directa en la superficie de ecosistemas forestales sensibles al fuego afectada por incendios forestales durante el año.",0.05,129.17,,,,
72,16-E015,Medio Ambiente y Recursos Naturales,"Investigación en Cambio Climático, Sustentabilidad y Crecimiento Verde",Medio Ambiente Sano,"El programa (Pp) tiene como objetivo proveer de la mejor información y conocimiento científico, tecnológico, actualizado y específico disponible, en materia de cambio climático, protección del ambiente y ecología, para los tomadores de decisiones de las instituciones que conforman el Sistema Nacional de Cambio Climático (SINACC), los cuales son relevantes para el diseño e instrumentación de la Política Nacional de Cambio Climático y Sustentabilidad (PNCC); mediante investigación científica y tecnológica, opiniones técnicas, actividades de difusión, actividades formativas y evaluaciones coordinadas, en apoyo al proceso de formulación, conducción y evaluación de la política nacional relacionada con esos temas, para su fortalecimiento y mejora. El programa es operado por el Instituto Nacional de Ecología y Cambio Climático (INECC), el cual lleva a cabo actividades directas del sector público de desarrollo social, por lo que no entrega apoyos a la población, ni cuenta con una periodicidad para ésta.",1.75,111.11,,,,
74,16-S046,Medio Ambiente y Recursos Naturales,Programa de Conservación para el Desarrollo Sostenible,Medio Ambiente Sano,"El objetivo del programa es promover que las mujeres y los hombres que habitan en las Áreas Naturales Protegidas (ANP) y sus zonas de influencia aprovechen los recursos naturales y la biodiversidad de forma sustentable, a través del otorgamiento de apoyos económicos para realizar proyectos y prácticas productivas sostenibles, conformación de brigadas comunitarias para la prevención y manejo de contingencias ambientales, así como cursos de capacitación y estudios técnicos para el aprovechamiento sostenible que  fortalezcan las capacidades locales de gestión. Estos apoyos son de temporalidad variable y se otorgan sin distinción de género, raza, etnia, credo religioso, condición socioeconómica u otra causa que implique discriminación, a mujeres y hombres de 18 o más años de edad, con énfasis en población indígena, que cumplan con los requisitos que se señalan en las Reglas de Operación (ROP).",2.7,13.48,,,,
75,16-S074,Medio Ambiente y Recursos Naturales,"Agua Potable, Drenaje y Tratamiento",Vivienda,"El programa tiene el objetivo incrementar y sostener la cobertura y/o eficiencias de los servicios de agua potable, alcantarillado y saneamiento para habitantes de las localidades, municipios y entidades federativas en zonas rurales y urbanas del país, mediante apoyos financieros, técnicos, de fortalecimiento técnico y comercial, así como en la supervisión para la ejecución de obras, en cada ejercicio fiscal, mediante convenios de coordinación suscritos cada año con las Entidades Federativas. Con sus acciones se promueve la rehabilitación de sistemas de agua potable y alcantarillado; la desinfección del agua, y la construcción de obras de agua potable y alcantarillado.",1.55,104.67,,,,
76,16-S217,Medio Ambiente y Recursos Naturales,Programa de Apoyo a la Infraestructura Hidroagrícola,Medio Ambiente Sano,"El objetivo del programa es fortalecer la infraestructura de las áreas agrícolas en distritos de riego, unidades de riego y distritos de temporal tecnificado mediante su preservación, rehabilitación, tecnificación, y ampliación. Con estas acciones se pretende que la infraestructura hidroagrícola constituya un motor de desarrollo para cubrir y alcanzar los grandes retos y metas nacionales en materia alimentaria. Para realizar estas acciones, el programa otorga apoyos económicos en cada ejercicio presupuestario a través sus cuatro subprogramas y ocho componentes:  A) Rehabilitación, tecnificación y equipamiento de Distritos de Riego: Componente rehabilitación y tecnificación de Distritos de Riego; Componente equipamiento de Distritos de Riego; Componente devolución de pagos por suministro de agua en bloque en distritos de riego. B) Rehabilitación, Tecnificación y Equipamiento de Distritos de Temporal Tecnificado:  Componente para la infraestructura de riego suplementario; Componente rehabilitación, tecnificación y equipamiento de los Distritos de Temporal Tecnificado. C)  Rehabilitación, Tecnificación y Equipamiento de Unidades de Riego: Componente rehabilitación, tecnificación y equipamiento de   Unidades de Riego; Componente para la organización y fortalecimiento de Unidades de Riego. D) Apoyos especiales y estratégicos: Componente para apoyos especiales y estratégicos. El financiamiento consiste en subsidios federales, y la contraparte, es de los beneficiarios hidroagrícolas o en su caso, de los gobiernos estatales y/o municipales. ",2.04,124,,,,
77,16-S219,Medio Ambiente y Recursos Naturales,Apoyos para el Desarrollo Forestal Sustentable,Medio Ambiente Sano,"El objetivo del Programa es incorporar superficie forestal y preferentemente forestal al manejo forestal sustentable competitivo y participativo de México. Para lo cual otorga subsidios a través de Reglas de Operación bajo los Componentes de Apoyo: I. Manejo Forestal Comunitario y Cadenas de Valor para el Bienestar (MFCCV); Plantaciones Forestales Comerciales y Sistemas Agroforestales para el Bienestar (PFC); III. Restauración Forestal de Microcuencas y Regiones Estratégicas para el Bienestar (RFM); IV. Servicios Ambientales para el Bienestar (SA); y V. Protección Forestal para el Bienestar (PF). Los apoyos están dirigidos a personas propietarias, legítimas poseedoras y habitantes de las zonas forestales para que implementen acciones que contribuyan a la protección, conservación, restauración e incorporación al manejo forestal sustentable, de los terrenos forestales, preferentemente forestales y temporalmente forestales; así como, al fortalecimiento de las cadenas de valor, que a su vez contribuyan a la adaptación y mitigación de los efectos del cambio climático. El Programa tiene una temporalidad anual con cobertura nacional con un enfoque regional y/o de entidades federativas. Los pagos se realizan de manera parcial durante la ejecución y término de los proyectos u obras.",5.6,100.39,,,,
79,19-S038,Aportaciones a Seguridad Social,Programa IMSS-BIENESTAR,Salud,"Programa administrado por el Instituto Mexicano del Seguro Social cuyo objetivo es proporcionar servicios de salud a población sin seguridad social con base en el Modelo de Atención Integral a la Salud (MAIS) que vincula las acciones médicas con las comunitarias en localidades de alto y muy alto índice de rezago social. Otorga apoyos permanentes en especie a través de servicios de salud en las unidades médicas, así como asesorías y orientación a la Organización Comunitaria para la Salud del Programa (OCS): Asamblea Comunitaria, Comités de Salud, Voluntarios de Salud, Voluntarios, Parteras Voluntarias, Avales Ciudadanos, Médicos tradicionales y Encargados voluntarios de albergue. Los apoyos se otorgan de manera gratuita y están abiertos a la población que lo solicite sin condicionamiento alguno o criterios de elegibilidad en las unidades médicas.",35.27,62.82,,,,
80,20-E003,Bienestar,Servicios a grupos con necesidades especiales,No Discriminación,"El programa tiene como objetivo contribuir a construir una sociedad igualitaria donde exista acceso irrestricto al bienestar social mediante acciones que protejan el ejercicio de los derechos de las Personas Adultas Mayores. Es operado por el Instituto Nacional de las Personas Adultas Mayores (INAPAM) y está presente a nivel nacional. El programa brinda los siguientes servicios, de manera gratuita, a las personas que cuentan con 60 años o más de edad y que tramiten de manera voluntaria su tarjeta INAPAM: asesoría jurídica, servicios de salud en el Centro de Atención Integral (CAI), albergues, residencias de día, tarjeta INAPAM (para tener acceso a descuentos o atención preferencial para la adquisición de bienes o servicios), vinculación productiva, centros culturales y clubes.",14.58,14.58,,,,
81,20-E016,Bienestar,Articulación de Políticas Integrales de Juventud4,No Discriminación,"El programa tiene como objetivo disminuir las brechas de desigualdad socioeconómicas de las personas jóvenes, mediante su involucramiento en acciones de cohesión social. Para ello, cuenta con 8 componentes, los cuales opera en forma de convocatorias anuales encaminadas a impulsar la participación y el liderazgo de las personas jóvenes en sus localidades a través de la conformación de Unidades de Brigadas; la participación de las juventudes mexicanas a través del arte urbano; fortalecer la articulación de las juventudes indígenas con su entorno social; contribuir al bienestar de una cultura económica, financiera y de emprendimiento de las personas jóvenes, a través de acciones de educación e inclusión económica y financiera;  y reconocer a personas jóvenes cuya conducta o dedicación al trabajo pueda considerarse ejemplo estimulante para crear y desarrollar motivos de superación personal o de progreso de la comunidad. La participación en cada uno de estos componentes dependió de ser elegido los postulantes/candidatos/concursantes, con base a lo dispuesto en las convocatorias abiertas que se realizan en el año.",0.19,267.18,,,,
82,20-S174,Bienestar,"Programa de Apoyo para el Bienestar de las Niñas y Niños, Hijos de Madres Trabajadoras5",Bienestar Económico,"El programa tiene como objetivo mejorar las condiciones para el acceso a cuidados y educación de las niñas, niños, adolescentes y jóvenes de hasta 23 años de edad, que se encuentran en situación de vulnerabilidad por ausencia de uno o ambos padres, mediante la entrega de un apoyo económico para destinarlo a sus cuidados y que les permita continuar con su educación. Cuenta con 2 modalidades, cada uno con sus propios criterios de priorización. Para la Modalidad A se otorgan apoyos monetarios bimestrales de $1,600 a la madre padre o tutor a cargo de niñas y niños desde recién nacidos hasta un día antes de cumplir 4 años de edad, y en casos de niños con discapacidad el monto es de $3,600 de recién nacidos hasta un día antes de cumplir 6 años. Para la Modalidad B el apoyo se entrega bimestral a las hijas e hijos, adolescentes y jóvenes en orfandad materna, a través de las personas responsables, para que les permita continuar su educación dependiendo de la edad, estos montos se otorgan por rango de edad y van desde los $800 hasta $1200 mensuales.",2,21.44,,,,
83,20-S176,Bienestar,Pensión para el Bienestar de las Personas Adultas Mayores,Seguridad Social,"El Programa tiene como objetivo mejorar la situación de protección social de todas las personas adultas mayores de 65 años o más de edad, mexicanas por nacimiento o naturalización y extranjeras, con domicilio actual en la República Mexicana, a través de un apoyo económico de $1,925.00 (Mil novecientos veinticinco pesos 00/100 M.N.) mensuales pagaderos bimestralmente.
Durante el ejercicio fiscal 2022 el programa otorgó un apoyo económico por concepto de pago de marcha por única ocasión equivalente a $1,925.00 (Mil novecientos veinticinco pesos 00/100 M.N.) el cual se entrega a la persona auxiliar de la persona adulta mayor cuando esta fallece. A partir del 30 de diciembre de 2022 el monto de la Pensión y el pago de marcha ascendieron a $2,400.00 (Dos mil cuatrocientos pesos 00/100 M.N.).",104.92,104.92,,,,
88,38-S190,Consejo Nacional de Ciencia y Tecnología,Becas de posgrado y apoyos a la calidad,Educación,"El objetivo del Programa es incrementar las capacidades nacionales en materia de humanidades, ciencias, tecnologías e innovación (HCTI), mediante apoyos para el fortalecimiento y consolidación de las comunidades de HCTI, con el propósito de contribuir a la comprensión, atención y solución de los problemas nacionales, fomentando así al bienestar del pueblo de México. Las becas y apoyos complementarios están dirigidos a los estudiantes inscritos en Centros Públicos y a personas con estudios de licenciatura terminados o en curso en Instituciones de Educación Superior o Centros de Investigación de los Sectores Público, Social o Privado para que realicen estudios de posgrado u otras actividades académicas. Los bienes (becas) que otorga el Programa se entregan con una periodicidad mensual. ",88.42,89,,,,
89,38-S191,Consejo Nacional de Ciencia y Tecnología,Sistema Nacional de Investigadores,Educación,"El objetivo general del Programa Sistema Nacional de Investigadores (SNI) es desarrollar y fortalecer la investigación humanística y científica, el desarrollo tecnológico y la innovación con rigor epistemológico, en favor de la libertad de investigación y de cátedra, así como de la autonomía de las instituciones públicas de educación superior autónomas por ley, mediante la distinción y, en su caso, apoyo a las investigadoras y los investigadores que contribuyan al fortalecimiento y consolidación de la comunidad humanística, científica, tecnológica y de innovación, y al acceso universal al conocimiento y sus beneficios sociales, así como al avance del conocimiento universal mediante el impulso a la investigación de frontera y la ciencia básica en las distintas áreas del conocimiento, al desarrollo de tecnologías estratégicas de vanguardia e innovación abierta para la transformación social, o a la atención de problemas nacionales. El Programa otorga apoyos económicos mensuales a las y los investigadores, de acuerdo con la categoría y nivel, además del reconocimiento de pertenecer al Sistema. ",88.21,100,,,,
106,50-E001,Instituto Mexicano del Seguro Social,Prevención y control de enfermedades,Salud,"El objetivo del programa es contribuir a proteger de los riesgos y daños a la salud más frecuentes a la población derechohabiente del Instituto Mexicano del Seguro Social (IMSS), mediante el otorgamiento de un paquete de acciones preventivas por grupo de edad y sexo. El paquete de acciones preventivas incluye actividades de promoción de la salud, de vigilancia del estado de nutrición, de prevención y detección de enfermedades, así como de salud sexual y reproductiva, mismas que son otorgadas de manera anual, generalmente, en una sola atención a través del Chequeo PREVENIMSS; las actividades de promoción de la salud incluyen educación para el cuidado de la salud, actividad física, asesorías en salud bucal y reproductiva; prevención de adicciones, accidentes y violencia; cultura de la donación e información sobre enfermedades para cada sexo y grupo de edad. La vigilancia del estado nutricional incluye actividades de seguimiento de la estatura, edad y peso.",31.26,45.24,,,,
107,50-E003,Instituto Mexicano del Seguro Social,Atención a la Salud en el Trabajo,Salud,"El programa tiene como objetivo otorgar servicios de Salud en el Trabajo que encuentran su origen en la Ley del Seguro Social y consisten, de manera general, en: a) prevención y b) calificación y dictaminación. Para atender a la población asegurada se cuenta con un grupo multidisciplinario compuesto por ingenieros especialistas en seguridad e higiene en el trabajo y médicos especializados en medicina del trabajo. La parte preventiva es llevada a cabo por el grupo de ingenieros con acciones de prevención de accidentes y enfermedades de trabajo en empresas afiliadas a través de diversas líneas de acción como son cursos, asesorías, estudios y programas preventivos de seguridad e higiene en el trabajo, entre otras. Por su parte, el personal médico se enfoca en la calificación de accidentes y enfermedades de trabajo, dictaminación de incapacidad permanente y defunción por riesgo de trabajo, y el establecimiento del estado de invalidez y beneficiario incapacitado. Los servicios se otorgan en días hábiles durante el ejercicio. ",5.84,5.84,,,,
108,50-E004,Instituto Mexicano del Seguro Social,Investigación y desarrollo tecnológico en salud,Salud,El programa tiene como objetivo consolidar la investigación científica relacionada a los problemas prioritarios de salud para el beneficio de los derechohabientes del Instituto Mexicano del Seguro Social (IMSS) y de la población mexicana en general. Promueve la capacitación y formación de su personal para desarrollar protocolos de investigación científica y de desarrollo tecnológico que permitan la generación de nuevos conocimientos altamente valorados entre la comunidad científica internacional por sus aportaciones en cada Área de Conocimiento Médico Científico. Dichas aportaciones permiten la actualización de los Procesos de Atención Médica que contribuyen a mejorar la calidad de los Servicios de Prestaciones Médicas que el Instituto oferta a sus Derechohabientes. Los servicios se otorgan conforme a las convocatorias publicadas en cada ejercicio fiscal.,41.75,74.34,,,,
109,50-E007,Instituto Mexicano del Seguro Social,Servicios de guardería,Seguridad Social,"El Programa tiene como objetivo proporcionar, durante la jornada de trabajo, cuidados y atención a las hijas e hijos de las personas trabajadoras en la primera infancia (desde los 43 días de nacido hasta los 4 años) mediante el otorgamiento del servicio de guardería conforme a los artículos 201 al 207 de la Ley del Seguro Social. Los servicios de guardería infantil incluirán el aseo, la alimentación, el cuidado de la salud, la educación y la recreación de los menores. Los servicios se otorgan en días hábiles durante el ejercicio durante nueve horas en horario matutino y vespertino, según lo previsto en cada unidad. En el esquema de Guardería Integradora el servicio es de diez horas.",8.83,72.67,,,,
112,51-E015,Instituto de Seguridad y Servicios Sociales de los Trabajadores del Estado,Investigación y Desarrollo Tecnológico en Salud,Salud,"El programa tiene como objetivo desarrollar investigación científica orientada a brindar soluciones a los principales problemas de salud que aquejan a los derechohabientes del ISSSTE, a través del apoyo a proyectos de investigación realizados por profesionales de la salud en las unidades médicas del primer, segundo y tercer nivel de atención. El programa otorga apoyo a investigaciones realizadas por personal del Instituto con periodicidad anual, para que puedan ser publicadas en revistas indizadas, además de realizar un acompañamiento para que dichas investigaciones cumplan los tiempos establecidos en los lineamientos para acceder al apoyo. ",1,83.33,,,,
113,51-E018,Instituto de Seguridad y Servicios Sociales de los Trabajadores del Estado,Suministro de Claves de Medicamentos,Salud,"El Programa presupuestario (Pp) E-018 Suministro de Claves de Medicamentos, tiene como objetivo coadyuvar a mejorar las condiciones de salud de la población derechohabiente del ISSSTE que acude a los servicios médicos, a través del suministro oportuno y completo de los medicamentos e insumos para la salud en las farmacias adscritas a las unidades de primer, segundo y tercer nivel de atención en las 35 representaciones estatales y regionales del Instituto, quienes son las encargadas de surtir directamente a la derechohabiencia las recetas prescritas por el médico tratante para que lleve a cabo el tratamiento indicado. El surtimiento a farmacias, se realiza de manera semanal, quincenal o mensual durante el año, de acuerdo al tipo y nivel de atención de las unidades médicas de conformidad con la Demanda Programada Nacional (DPN) de medicamentos e insumos para la salud, requeridos por las unidades médicas con base en los consumos registrados en el Sistema Integral de Abasto de Medicamentos (SIAM) para atender las necesidades de los derechohabientes",59.32,89.32,,,,
114,51-E036,Instituto de Seguridad y Servicios Sociales de los Trabajadores del Estado,Equidad de Género,No Discriminación,"El Programa presupuestario (Pp) E-036 tiene como fin promover una cultura institucional basada en la igualdad entre mujeres y hombres, la no discriminación y el acceso de las mujeres a una vida libre de violencia, mediante estrategias y acciones de sensibilización, capacitación y difusión, que se realizan a través de pláticas, cursos, talleres, campañas, entre otros, en beneficio de las y los trabajadores del ISSSTE. Los cursos, talleres o difusión se realizan durante el año. Entre los temas abordados destacan la construcción social del género, lenguaje incluyente, derechos sexuales y reproductivos, prevención de la violencia contra las mujeres y del hostigamiento y acoso sexual en el ámbito laboral, masculinidad, trata de personas y responsabilidad legal de los servidores públicos.",22.75,454.98,,,,
115,51-E042,Instituto de Seguridad y Servicios Sociales de los Trabajadores del Estado,Atención a Personas con Discapacidad,No Discriminación,"El programa tiene como objetivo concientizar a la derechohabiencia a transitar hacia una sociedad equitativa e incluyente en materia de atención a personas con discapacidad, para ello impulsa acciones de sensibilización con apoyo de proyecciones de video cápsulas, material promocional e información digital sobre el tema, además promueve la prevención y atención de la discapacidad sensorial visual, sensorial auditiva, motriz y psicosocial, en eventos en las Representaciones Estatales y Regionales, unidades médicas de tercer nivel, así como en unidades administrativas centrales y desconcentradas del ISSSTE. El Programa realiza estas actividades en el transcurso del año, por lo que las acciones no necesariamente se realizan con alguna frecuencia en específico.",0.08,117.32,,,,
