countryCode,1996,1998,2000,2002,2003,2004,2005,2006,2007,2008,2009,2010,2011,2012,2013,2014,2015,2016,2017,2018,2019,2020,2021,2022
ABW,,,,,,0.6887622358142671,0.675387642098048,0.668118345860563,0.6712676569121093,0.6753459494510433,0.7890749903782597,0.7870924060794975,0.7686957275539011,0.766206954010376,0.7628119478739115,0.7124877404182313,0.7498708125057428,0.7498352666264094,0.7632689863935619,0.756311524461138,0.7500944611839466,0.7584428722456744,0.7539331117406025,0.7601410426772538
ADO,0.7364624057132672,0.7401732503348759,0.7615667181168683,0.7493242536325406,0.7163520786096887,0.7435264116186601,0.6987148361569125,0.6770076841854931,0.7384036369007627,0.7419673805909008,0.7481347779853083,0.7442335826040808,0.7837845552545474,0.7841605266897101,0.7842200976495416,0.8307414345904773,0.8061216279769206,0.8061850392030305,0.8104311092290685,0.8107646035725904,0.8056297226494128,0.8264107382087668,0.8314886942092438,0.8007121211823187
AFG,0.15769416550217616,0.16814200798906517,0.15915063332079157,0.1802054551825471,0.202830149799421,0.1761880683301389,0.18226948122592165,0.13983292312732928,0.14502746867536945,0.13505914431561444,0.14039983072855564,0.14159033669113102,0.13128915022681456,0.184444430082473,0.19284800984756673,0.22664710659820503,0.21129451816975156,0.21021193773935512,0.19783234764937768,0.1772367186029898,0.1668785603834571,0.14918898259450825,0.14035306846173826,0.1831579877117099
AGO,0.18865270626842917,0.2089106494611498,0.1943428100801932,0.18808807004420897,0.21764837922498367,0.21017217693361862,0.22119608277853198,0.2513524293852305,0.23880826983546707,0.23813444360114694,0.26608141945233493,0.258879515204785,0.2580741598504282,0.2526284046887591,0.2553747102355179,0.297804782030701,0.30643657664426854,0.3117363548548412,0.30469122245323144,0.31231255871041236,0.307547420497824,0.3221208563643937,0.31554425986501183,0.3081929598927273
AIA,,,,,,0.7335072037307157,0.8297678568401183,0.820620693808732,0.8271086363561005,0.8348979608467056,0.7825880547299764,0.7790762014671129,0.7745296071885289,0.7756654361891521,0.7761590509034788,0.5127770719190785,0.493133663898303,0.48474095074034246,0.48021058978247516,0.48088292908442526,0.567924938108489,0.5824212759462674,0.5843662537350102,0.5930213885035354
ALB,0.3744728532045102,0.3263102473384379,0.3084359269836123,0.359182833016886,0.36821819512542825,0.37122183363722955,0.35888587974365377,0.370808642060301,0.3789781294962142,0.3910520203406728,0.4118164454813788,0.43315062329863324,0.4219215207866589,0.40681345663023377,0.40705580319028717,0.4478397706030988,0.44626487506068324,0.44579984574306014,0.4278466477238508,0.42756664196719796,0.4253683997882046,0.4350189245512251,0.4538519943111607,0.4763615248451647
ANT,,,,,,0.6887622358142671,0.675387642098048,0.668118345860563,0.6712676569121093,0.6503823453405346,0.6741313013266809,0.6753235635085909,0.6719125055274077,0.6729039615905933,0.6743606050311423,,,,,,,,,
ARE,0.6441505064046743,0.6495874804696702,0.6377348966776358,0.6469573546859632,0.6159416782506894,0.5940311151018659,0.5854497766697829,0.5701204230231269,0.5628977309927191,0.5908799248956313,0.5873557254108452,0.5712750786950176,0.6068549935591241,0.6138896413313061,0.6294498968420179,0.6368535789829907,0.6295557851597686,0.6698370055177133,0.6597802613685229,0.6610275751725099,0.6676519759621811,0.6810491897834305,0.6659614041062563,0.6732670540839686
ARG,0.5237662723087859,0.501287980526197,0.4668100479255865,0.3594231306543823,0.35627677005131814,0.3581891407010809,0.39931939944229966,0.3955824105688624,0.3907784013683337,0.37147732842603504,0.37251124987273265,0.39144194786548164,0.3983112827116926,0.38654298573959267,0.3800217218573813,0.3387319164436736,0.3618305209939396,0.4459662533790831,0.46210505437114563,0.4657772065537797,0.42499029747358247,0.41319840276768927,0.4152933207091604,0.41450514703396096
ARM,0.41678055163645455,0.434113856917111,0.4105109539848991,0.4227848489412526,0.4494338382065844,0.4142560156132114,0.43255813928982983,0.4019562222757362,0.4113945372024859,0.4425810469465059,0.4168567305771274,0.41437235929006777,0.42294689529926116,0.4267624340094731,0.44194856796938803,0.4268578435518604,0.4179278838737197,0.4773551322770353,0.467686767252607,0.47016329409330515,0.47405367116343117,0.4842043467037355,0.4855047334560158,0.47581385369971724
ASM,,,,,,0.6738472504114938,0.726847737094996,0.7189524540378667,0.7232146578655256,0.7285299844712745,0.7299197627876887,0.7271998941959807,0.7232210505039038,0.7242846871817438,0.7252598338213749,0.7853179454800207,0.761409056453132,0.7602644463558356,0.7632567396907349,0.7636386588553777,0.7580887950115504,0.7288149603286443,0.7326397250444276,0.748789426304494
ATG,0.7153427442336763,0.7158766817439267,0.71221138174373,0.712142374032007,0.7128097373791756,0.6873689450591837,0.6384207003278183,0.6898789454404003,0.6844361407272135,0.6931647381505072,0.69998636237146,0.6960975307743484,0.6939809703566099,0.6946928831342343,0.6723112609814054,0.4743675514640172,0.6175913770286323,0.601933897215554,0.588868111253076,0.5828941965427675,0.5803751750482351,0.589063642859732,0.5685480213121665,0.5857915252441777
AUS,0.845488127348475,0.8540139165630029,0.8471907468690356,0.8560260990116185,0.8709008552834993,0.8615940636227217,0.8453709289782091,0.8540012952000512,0.8514769523609348,0.8544619164071443,0.849340054923301,0.8541937534228715,0.8493685290927802,0.8545986439364116,0.8566263981964611,0.8858192126273949,0.8606288688926536,0.8461753710985119,0.8319716779425315,0.837858103659652,0.8417702578495276,0.8260113270995508,0.8309305442884328,0.8055512313532827
AUT,0.8641006335221714,0.8631449926252838,0.8649216309367356,0.873874907353576,0.8719115478024638,0.8657725074962466,0.8717803465100362,0.8820967067094041,0.8903579156271019,0.8842436965541478,0.8580682074376966,0.862735372027669,0.862295450792467,0.8737199385594862,0.86918526315612,0.8897047425321574,0.8654162759664054,0.8549556013702445,0.8623061286060217,0.8729982260779745,0.8747269547259768,0.8566383404879367,0.85317240650661,0.8440053162398398
AZE,0.27298155838567567,0.28860771895395265,0.2838883829416121,0.31952840733947946,0.33515488402723664,0.33203681026358933,0.3532327736192065,0.33490257384949135,0.3360632474996354,0.3446786390246173,0.33622910485360014,0.33387803061404075,0.3245316186450735,0.33615904341027636,0.36040402598530225,0.3720239224236239,0.3680294483794685,0.4030677334926388,0.394072951758856,0.3871831628114608,0.38906161501180697,0.36539027221212356,0.3898190958271011,0.3862264681829724
BDI,0.23075724524774072,0.23809088936164752,0.20082197153088843,0.23431621202128855,0.2174177290856991,0.21821908025997291,0.2872609797193664,0.3157881753143375,0.2970431448296481,0.3050116973574191,0.2810796028190552,0.2721487825934405,0.28228392437372984,0.2960093638804973,0.29748091176913294,0.31830473224773687,0.275966077522987,0.2172582877863703,0.23097813080752463,0.21154905289198744,0.22339500988306576,0.24578479260173638,0.25109302408137313,0.2580571596472687
BEL,0.7774345578818515,0.7482173671265526,0.7670213012077263,0.7731109332099952,0.7703925164262707,0.7664901033996379,0.755963629119072,0.7494733449459239,0.7673067453902521,0.7711996982487356,0.7794384275589498,0.7874339790319588,0.7907725754033942,0.79351487677007,0.795082407899409,0.8131225739000705,0.795019582079744,0.7828089168735025,0.7681694471599498,0.7718696608005194,0.7714002819130108,0.7697850752828005,0.7627874778845153,0.773897977050756
BEN,0.5192018063031977,0.5188551322653272,0.47326881088870976,0.45774008244208714,0.42530412801462075,0.41530672651674827,0.40402808105734334,0.4045093319875542,0.40812847854363615,0.40467957988985553,0.38039866506724257,0.37659348805110515,0.379489025408794,0.3959908603535874,0.39738608294993893,0.4136218389574033,0.39992533023714205,0.3859935466666817,0.382294597504033,0.37307896533485296,0.37593776258406086,0.35875561510153803,0.38527889418689526,0.39059822497272706
BFA,0.325612934597549,0.329612712424095,0.36506341637768663,0.3518113833547686,0.38631840041107707,0.4036895053858798,0.41060821341165227,0.4237096213563015,0.4311734657176151,0.4412197545076999,0.46881992387280924,0.47064031838898396,0.44009669322163963,0.4252748459842476,0.405482804364753,0.4017441646451411,0.4026537925954608,0.419595911727452,0.4275651491807635,0.41878762934087077,0.41755536633658175,0.41696681040502354,0.41766406460526795,0.38955922219808786
BGD,0.32545537830697274,0.3250937961622252,0.31423800734015384,0.31414544287308865,0.28264935849288464,0.2884365461094684,0.3167087269489187,0.33065285088723734,0.34644739776532096,0.36113688460552457,0.35481225874815,0.3515825948079787,0.36487651951609273,0.32503430715929604,0.3376858770835669,0.35521737171613915,0.3575888532243672,0.3771491675567186,0.3749756705081506,0.3812989733469597,0.38234853685386466,0.39736730311118706,0.3861346062036411,0.3908045104957756
BGR,0.44116544635180793,0.4652955751093797,0.48461197399240546,0.4979155922994887,0.47514117193499683,0.48571380990429025,0.4876015290886589,0.48754484857314906,0.4975945407699528,0.48514018476410886,0.5010069334778304,0.48985973737683397,0.4811180605100454,0.4863259650331579,0.48000550141560644,0.4928342182571317,0.47769178781535965,0.4814366182081261,0.4843749956094517,0.4881774504856204,0.5016687991267235,0.48392362675121997,0.49549831517683535,0.48786593230003944
BHR,0.5069383451190871,0.5781368325277673,0.5639807563320137,0.6160784526124723,0.6255475774804162,0.6457619547255086,0.6262050591667953,0.5817914956928604,0.6113380653843736,0.612132028729313,0.6093978879284789,0.5933392700571722,0.5769790566395253,0.5587499331465839,0.5730405357433721,0.5901297850771561,0.5875438282097156,0.5935063333484134,0.5912813966355334,0.5843508751077031,0.6000998890725036,0.5983794907582118,0.5957252286667822,0.5951245021352349
BHS,0.7341049973759741,0.7561444026292523,0.7624814742276452,0.7841199228986929,0.7876059480292081,0.7804216528075203,0.7774280715784422,0.720227656604888,0.7547274614537955,0.7418256419824654,0.6642169163167575,0.6496459157409986,0.6288781069510412,0.6296197232516789,0.6331498411956229,0.6394397992833314,0.6208480633302995,0.5549210530234931,0.5409852828351431,0.522584001551374,0.517988354603257,0.5134951932979298,0.522762253423293,0.5351755482893347
BIH,0.46145102072872707,0.3769473896632958,0.3906239360237864,0.3800664117853838,0.38775862905491143,0.4125424372840026,0.4068239822381128,0.411399337535334,0.41662185380331074,0.4288940686431674,0.43818373131136756,0.4390654412283307,0.4437543302514728,0.4701937879150192,0.48156096146405186,0.48295294676276324,0.45701041428698946,0.4712469077660768,0.4695122430967233,0.4647028745001917,0.4647233227473115,0.44702729085230775,0.44943457581870494,0.44868336470643555
BLR,0.35198120976442965,0.33379326376082147,0.29273806583396583,0.2633271992104413,0.2981723470293152,0.2754611527561451,0.28189505058052183,0.2528476745267551,0.2799131687694934,0.2989636057964792,0.3073039382492675,0.2982661759743014,0.2903193303175067,0.32761319817094675,0.3356774529443275,0.3488285853124052,0.33627139461517863,0.3585838334343511,0.33614939591206466,0.3336504128801407,0.34037382931589966,0.2963409146746222,0.2886523269250529,0.2689753645044937
BLZ,0.5255594615239506,0.4880724768654398,0.5282398005454677,0.49998577389163124,0.5463585119923554,0.4985301402771998,0.49938121075259573,0.5136136030936577,0.5001242020266209,0.48278230956517604,0.44545027028449724,0.45369451997748667,0.41662678292557664,0.42330824328143074,0.42026774172579506,0.34897061662406315,0.35303756398609526,0.3183014656797744,0.3174662311804707,0.3434770337558469,0.3408766817439267,0.34679173383620215,0.35176470304485347,0.3673469112972485
BMU,0.7466450824968812,0.7464134020422536,0.7507300486692868,0.7464357177359326,0.7502287065898876,0.7235639113505439,0.675387642098048,0.668118345860563,0.6712676569121093,0.6753459494510433,0.6772514825535298,0.7271998941959807,0.7232210505039038,0.7242846871817438,0.7252598338213749,0.5127770719190785,0.6719839134055547,0.6684232840777034,0.6689080240303258,0.6693867460046947,0.663006857778923,0.631219170740393,0.6337907441714827,0.6449440716732312
BOL,0.45755352511623126,0.46428473331177167,0.4365956641239421,0.43465290502562537,0.41670776219909755,0.3858141664238401,0.35857322586956974,0.34122759778324846,0.34543177612409043,0.3167092303984613,0.2901186061556846,0.3066439978558201,0.31563152054968635,0.30880986120434684,0.30251479837243894,0.301068235630871,0.2806896284617308,0.26571081034020727,0.2644183968237064,0.27088289969702173,0.2753262985275014,0.26943521297507955,0.277750700778347,0.2533895033158826
BRA,0.46502298645238355,0.46905178580343476,0.4608253500285632,0.45655507344602925,0.43666019933042616,0.43017281877324476,0.4155169284089131,0.4298388736667602,0.42843258688860036,0.4523449005431916,0.4885253238749448,0.5200069582288148,0.5177926612780706,0.4938135871407466,0.490883986445546,0.4985698952288719,0.4721528915612771,0.46939795419648844,0.44888622560178143,0.44952752079995933,0.4648909655909331,0.4634122962328955,0.4498688830061005,0.4583937297162521
BRB,0.7145428916999014,0.7511215919158836,0.783185824958977,0.8023796163161862,0.8073324592512624,0.788666610842308,0.7711103418089883,0.7495975916097862,0.7669628308120112,0.7640096192113723,0.7069027756039685,0.7199968659680567,0.7199060811365839,0.7104069483342751,0.7131332095643611,0.7211428342083053,0.7179137556745788,0.6589919062173255,0.6319919774964142,0.5804115112262691,0.5726020780242823,0.5672015572186094,0.5759155077726521,0.5793966798837392
BRN,0.669219062182622,0.6133926663839856,0.6106654099629433,0.6032999665709504,0.6198536334023739,0.5817736817747425,0.5547879637952808,0.5315355012596542,0.5878225987587697,0.5988745397183286,0.6626403113875229,0.6607737663542657,0.674489839357915,0.6636119104640981,0.6246668334840872,0.6016518249741508,0.5837986729163722,0.6139969814570401,0.6303109711817989,0.6265424289009823,0.6242405405109221,0.6852441421187011,0.6780924423278645,0.692432090276605
BTN,0.502737230283347,0.5164503879629008,0.5345450655481938,0.522558049020156,0.5356646231766814,0.5528455003272188,0.5742986502962671,0.5506588579769308,0.5811788034535795,0.5917595741819085,0.5519628449788472,0.540719464403682,0.5493243244667205,0.5601845711588697,0.5713210682253277,0.590967121185597,0.6140093335330272,0.6090904324636254,0.6326918191931451,0.6166780844339677,0.6238099389463228,0.6227077474000227,0.6277048236460743,0.640933100875459
SSD,,,,,,,,,,,,,0.25877678808183663,0.23064280999589462,0.20728244680786295,0.14535049595165686,0.1366976501223313,0.1206242390301623,0.12157737438746583,0.11879404773713247,0.11439605303051803,0.12188024026579139,0.10215651557841482,0.10517402822295986
BWA,0.6237428396596101,0.6329818646703277,0.6222819344601423,0.618733668916407,0.6406497758642636,0.6194173768115169,0.615215364474521,0.6098244384804797,0.6159515013708345,0.6288382056477578,0.6240402144254826,0.6261804252635945,0.6270584412658904,0.6257072646504519,0.6060630205960974,0.6149079207177963,0.6038972099341506,0.5835462280951446,0.5795952790201664,0.5842960517941396,0.5942477213405377,0.5840449416996063,0.5982055782115655,0.600727222326971
CAF,0.2825634442430334,0.2797808200804339,0.2386465805753899,0.3212798731738012,0.22743408019019246,0.20209970305375163,0.22384101934529455,0.2054603341237725,0.19976100430643715,0.2276634424352983,0.24887831441908526,0.251209777542741,0.2524970863150425,0.22630152946566068,0.15359517299135103,0.1738029351436161,0.1728406674457724,0.14541685762624898,0.1628492546558311,0.17172816103791344,0.16233330083156752,0.16483188578710894,0.1771687646228676,0.1747674508022082
CAN,0.8324954059643831,0.8458016944566131,0.8360765947665788,0.835273182961619,0.8422779691510474,0.8403314927218056,0.8330635780435305,0.8627119323536159,0.8619295249318984,0.8617906196906563,0.8618561617962256,0.8622222515705986,0.8481833152044665,0.8539389611217999,0.8521864415558773,0.8794676697816846,0.8639278449558992,0.8627671713057552,0.8551389272525246,0.8458213406969034,0.8467315072211524,0.8268075032808518,0.8219852762317584,0.8165778066515847
CHE,0.8883398556977796,0.8875534440959794,0.891142641258341,0.885719763780538,0.8820238353151449,0.8794304847643055,0.882470032107436,0.8632399923831596,0.8679885050527133,0.8634239036718847,0.8513303197546201,0.8526373684322431,0.8472054991114467,0.8648174051732883,0.8617303930756065,0.8998895033627151,0.883998762497608,0.8834840263187498,0.8798644816862853,0.8797608413292829,0.8748975655802741,0.8582356102646759,0.8562552973429197,0.8530325411987981
CHL,0.7276968574351723,0.7245271859474728,0.7566084191937258,0.7558849036603639,0.740164773649554,0.7379030675578707,0.7466470026300204,0.7409662887376324,0.7436959453250986,0.7466757343783353,0.7434804455046077,0.7496336526467912,0.7570828325766604,0.7618596555018886,0.7554942736478212,0.7739032925412757,0.748581021610115,0.6975425831672887,0.7013958103444222,0.6935357453390173,0.690318667637411,0.6911013209298352,0.6840133836089755,0.6445407500489634
CHN,0.4017553459082384,0.41526669642404707,0.4075446878205393,0.4073654246589867,0.40029118584893725,0.39392197543672025,0.3812121458630544,0.3714455525642067,0.3915787573516512,0.41480129244629926,0.4179364893484595,0.4160923887982992,0.41978367499058433,0.4017957155366777,0.40560534164179624,0.43110654790690034,0.42851515261358686,0.4451113960557468,0.45859683648230487,0.4722481986575366,0.45738942983566566,0.48883325498253477,0.5110392460549226,0.5007846473331271
CIV,0.3546426079604224,0.3276376213278273,0.2638459395693825,0.2478256365498936,0.2420715595218325,0.22910508776272925,0.20654778513579042,0.2215675348759402,0.2198361836070647,0.2264237623313526,0.26279031125170854,0.26613773555233283,0.2569685612386189,0.2939973453456863,0.3292942981505933,0.3924579792912236,0.38102254442368516,0.37883807685834,0.38114334889765156,0.3906430553982764,0.38899320441465773,0.3802489063905122,0.3789257824519126,0.4147098578136727
CMR,0.2256943459010262,0.2852632216855528,0.2746343715259055,0.2603679930478067,0.2804187726078115,0.2784696033089233,0.2750875229467618,0.2804806383609069,0.27599576933787157,0.2917062050179542,0.2867723526679501,0.29692976330940285,0.29660479248371846,0.30406287059154996,0.30109574973378056,0.33261171451685284,0.31288636239955947,0.300982977036238,0.3021494813345731,0.2922839543465398,0.2843035766085822,0.27930568079350765,0.28939516087109607,0.30358243923036193
COG,0.30389008202527773,0.19094321435720077,0.2440402111472065,0.25533747838562326,0.2598582445318589,0.27512487187794554,0.21993724817570962,0.26017743154186784,0.2686477008091629,0.27449778449418494,0.26925369014464967,0.2696645752201854,0.27173232444854944,0.28459265031106623,0.28870332753453126,0.2890662326978442,0.2856929802648716,0.28310405538675554,0.28079893555311963,0.28612266859541696,0.29080882377046147,0.28884513639174014,0.29315084762638294,0.29491069648099544
COK,,,,,,,0.7295803207146867,0.6940110953722637,0.6075495139112709,,0.35545038689746106,0.3289981176138683,0.3351297935070089,0.32450458457544873,0.32550862687719945,,,,,,,,,0.40043195268267423
COL,0.36124212897618596,0.37870814004383335,0.32722046069520244,0.36178519882697663,0.36374076076424294,0.37236745063361115,0.3845693347431794,0.4090629394353478,0.42387522698549496,0.4340393698010639,0.4366830009114544,0.45561725817538834,0.4662292105780041,0.4449052510302451,0.4327206422648654,0.45942988741556917,0.4604555019448139,0.45673351703855897,0.43696496192563317,0.4335620879265494,0.432117866810761,0.4121542191460128,0.41661942436656446,0.42507440281751907
COM,0.3363414092259868,0.3357950142665892,0.27941147544622724,0.3626455823871526,0.3613120616300919,0.30917171263605897,0.3038153139141371,0.3169988777992614,0.30470969788063196,0.2987624835582746,0.2814652217524297,0.2975217263064703,0.3033666349985196,0.2969915588137249,0.32134340148120005,0.3324705144823466,0.34144284002490366,0.30319838918625974,0.2913867135965939,0.2844288770040453,0.2816610519163725,0.2583041777507523,0.262056679894979,0.2508721151053315
CPV,0.7140351569821239,0.6409410155705938,0.6343305825786976,0.5614574145379181,0.5592853868595267,0.5760748436988209,0.58241891090423,0.6346909236617819,0.6288980341864251,0.6211546992261301,0.6136087633190503,0.5999270595277802,0.6084702997084301,0.609904170838273,0.6172078304340728,0.6390034958599587,0.6206024033697681,0.5649222303929351,0.5788792508352345,0.5861255698697578,0.5977389858587346,0.5940937301752107,0.5739794808484515,0.5806679660816443
CRI,0.6303538463498222,0.6332680347568451,0.6144239652098101,0.6179434755889728,0.6124177773231901,0.6077106645974188,0.6066028882736345,0.58547694538289,0.578529353403127,0.5980435903942014,0.6226209199161173,0.6141648877335619,0.595994761502136,0.6128194598094122,0.6196815590319644,0.623526321231905,0.6057214300814426,0.5936274305256023,0.5930057230270702,0.6007959197732782,0.6129227957550634,0.6068421380335944,0.5922526034897905,0.5946822743986401
CUB,0.2856219353387204,0.30348676040101,0.3027039080703945,0.27832194038726554,0.26865273530458883,0.2914541524190446,0.29549767181515246,0.3588887014027181,0.37330412436168453,0.3463492368126427,0.3689837662577907,0.3670031723409411,0.37262644615295704,0.3697289184133556,0.37158027800343246,0.38022454177427606,0.3675805587175309,0.4186665438718108,0.42033318431226874,0.417711722543946,0.4418622322268964,0.45239097203040407,0.42666808405275103,0.41863947467779933
CYM,0.7956674865166846,0.7959015788458651,0.8018802880349573,0.7975630560014791,0.7502287065898876,0.7335072037307157,0.675387642098048,0.7189524540378667,0.7232146578655256,0.7285299844712745,0.6839371636898515,0.6846278964622998,0.6811026490999774,0.6839443993135103,0.6848883789140158,0.6241334930884105,0.662851678238513,0.6591468281788998,0.65509621365668,0.6542672078819498,0.6530854713079188,0.6518153500688391,0.6545732349550778,0.6505897314276995
CYP,0.6773288849936725,0.6946649007061688,0.7085097162951771,0.7033111431507961,0.6933302091362182,0.687416175651157,0.6812451253205335,0.7238146994715325,0.7260962625498263,0.7459452642164082,0.7458461431971602,0.7465283992842867,0.7181847286097871,0.7237331406456312,0.7112522752406887,0.7200704632663075,0.7074919988988739,0.6451214264097734,0.6767274969528424,0.6505981261561192,0.6517389428196527,0.616511185056531,0.6279719094824885,0.6210473239760094
CZE,0.6887221471809214,0.6790876567004264,0.6281812157027926,0.6778207669049224,0.6805481286991247,0.6578842469748303,0.6774113921780145,0.6783236193329495,0.6815369855576952,0.6857589017138171,0.6967551646664031,0.6917857547289367,0.7087922568617363,0.709794917604277,0.7100402965697149,0.7326435418944484,0.7263770000645352,0.7030798490644221,0.7226011519112865,0.7092640476237978,0.7087559382458957,0.7091765644846743,0.7231634465097272,0.7251565447082395
DEU,0.8250850033574231,0.8275325642872283,0.8250633199027045,0.8299683702556203,0.8305959259645367,0.8271819292430002,0.8334664547589001,0.8566231667528853,0.8537758200537394,0.8495399126835846,0.832773848685828,0.830580213655556,0.8267919783019335,0.8368124038352833,0.8314853925168946,0.8723939695455645,0.854575134013585,0.8200413755908741,0.8180315816005537,0.8215138835460793,0.8195307138408723,0.8074593519522556,0.8177792948390662,0.8100826987293308
DJI,0.3180715765688682,0.33027237182244895,0.33548459664512464,0.3243777035825844,0.33624749832409845,0.35712526986066295,0.32138459067866215,0.3348704701600539,0.35746770921466275,0.3799345665458669,0.3719086090621105,0.36119027367329803,0.3475139029347409,0.3510698724272909,0.35682462852682795,0.33691935759276376,0.3233686267854077,0.3123672356723646,0.3254459532632101,0.3222714580264047,0.32305409961070003,0.30407043404281786,0.3068355194283286,0.2924510995946833
DMA,0.6744010332002259,0.6745173534608245,0.6667855861318805,0.6679139921787826,0.6669398173138499,0.6503605213882694,0.6419410654003904,0.6544536832509035,0.6466659393576996,0.6451276902587337,0.6545985479297546,0.6499165374323399,0.6440158746304797,0.6462567870852407,0.6505443038875764,0.6169810791017112,0.6467965318274245,0.636409161826292,0.6386569937852316,0.6473103781884865,0.6499617425180139,0.6641974574065296,0.6446923351938019,0.6529662357232247
DNK,0.8665865736985033,0.8698194222497347,0.8642146472813772,0.8786733200684916,0.8861710887332863,0.88813793730681,0.8892350124007818,0.8985437944434719,0.9008364334117028,0.8927603768443932,0.8855063948395063,0.8818360369276259,0.8860297247849755,0.8772445068503325,0.8825926864657683,0.921600261437835,0.904849816084028,0.878908231966695,0.8631977494540968,0.857253789991573,0.8691082236679732,0.8641254547554346,0.8813675712741713,0.8822026418596705
DOM,0.40627310306534736,0.39559328742060834,0.3760333711646394,0.37039833068308126,0.38313522945075856,0.37518214336126143,0.3742238798435007,0.39407380645226553,0.3859874116071393,0.37481585454869704,0.34997957633995086,0.3408809200865877,0.3501769871012949,0.3681116628605881,0.4038132837245862,0.43349486570448326,0.4047224550578789,0.4313638047691049,0.42445867817285376,0.4370538324780311,0.4458231741898888,0.47490178167749014,0.4862734218776973,0.49081950246212586
DZA,0.2696357029743237,0.27353144236748483,0.2642045127250033,0.3838521064750355,0.3900106525239963,0.3878682756820383,0.356958639770191,0.3566522029125516,0.35337537862918045,0.35811212462919184,0.34675953648173347,0.34848291451482966,0.34287652382468414,0.3493031391928866,0.3727683955077127,0.350955530840476,0.32386871609501494,0.32877407085928206,0.3271243018325657,0.3503470242572761,0.33964300791010554,0.35172212058005253,0.34545444306163636,0.3454030326676466
ECU,0.4205894693997748,0.4029417189013129,0.3780324639251474,0.36032329843655264,0.3555977571158963,0.35867635106890067,0.34758236036440565,0.30640583109778324,0.30604070138997963,0.2918103605326281,0.2722196636057871,0.2843612040190166,0.2841537359749495,0.29993886951739934,0.3380024063483161,0.3182882003697333,0.32107014546085677,0.381458590268222,0.3678597975917409,0.37865115658048826,0.4022858646448508,0.40261839892180307,0.43946575971753626,0.3870949771846034
EGY,0.5091734623701879,0.4839851266252873,0.49879310192520976,0.5066728100609333,0.508462993442678,0.5115415128935652,0.5086852015408111,0.4541279607633438,0.46056181468223717,0.4834321136460303,0.4925540398055776,0.47457700696296473,0.41387445354649993,0.40356056376232946,0.36437407687257706,0.3717462407305573,0.390485733270278,0.4148441617602582,0.42058099856851733,0.4495743884399368,0.44342816519664086,0.4460684711984244,0.4579927204474416,0.4571126672307175
ERI,0.38023808807941073,0.3842286633166432,0.35273799980011883,0.3646150184571627,0.34824725329637685,0.3255418779632689,0.3173057361495411,0.27712817956485664,0.25842505247349207,0.2519058258057089,0.2506819750920329,0.24314866054790485,0.2414348246398603,0.22892885700656115,0.22778321659392173,0.20111947508617886,0.2092573271578105,0.18236302917581423,0.19486515654283493,0.19068029661467414,0.18840810003949854,0.2158306922136166,0.19818415350649563,0.16097241817727287
ESP,0.7908190566751181,0.7655005323452048,0.7854007219513274,0.7503242683379505,0.7540228896729901,0.730689244435103,0.7284455220294065,0.7289026776303459,0.7355681154118034,0.7414488978107954,0.7359987872251763,0.7361531471965634,0.7386262552636235,0.7127799987317754,0.7103233757102034,0.6987792894064944,0.6829500162181001,0.6985755562555456,0.7099728577472643,0.7010754993540391,0.7034785928102909,0.6782545764968397,0.6746453233096763,0.6660559940796207
EST,0.621760009490141,0.6252225715303452,0.6257456321888497,0.6644660301753138,0.6603370882707684,0.6823764935240466,0.6864407948489478,0.7308385230785486,0.729373836153447,0.7358882859046398,0.7298419505630346,0.7354345724935963,0.7398905926870277,0.7350046968329886,0.7429692217644188,0.778032117364532,0.7643706510740615,0.7432169423556362,0.7539902005771077,0.7453490862929376,0.7531174298165579,0.7714469739310549,0.7818713064951173,0.7891108172526866
ETH,0.3192158237141688,0.3304342367044596,0.3156936672978753,0.3204895042244334,0.3450478782856639,0.333426073422332,0.3244981685208128,0.3778054901383367,0.3793872700605441,0.37010840228718767,0.34544051038824813,0.35030465253879534,0.36321299343792157,0.37588006492485304,0.38133681401955705,0.41690776631099247,0.40532351527109983,0.4091143732455954,0.416370568086844,0.4215133110185763,0.41382475839339367,0.4293262098267169,0.3862827491585836,0.38645995168945024
FIN,0.8836981445800308,0.8923711986398338,0.8926329689857285,0.8829060194113284,0.8936596313925096,0.8899774248541846,0.8921485568607154,0.8938323262937505,0.881523359637284,0.884181292227123,0.8944325083973043,0.8941739694949853,0.8899085576400084,0.8907916081377303,0.8930753255117413,0.9262960172785756,0.9122182567570187,0.9033889225926893,0.9063887793788566,0.9085908910944506,0.9043350330726542,0.9059095890793317,0.9044332876903637,0.8936082092903909
FJI,0.5724655729494641,0.5764026654538918,0.45456797566357693,0.5102824115649315,0.5108847792468592,0.5223589918031858,0.5292277588051452,0.5190777484329138,0.3869110893121362,0.39605435353659957,0.338998065629776,0.3627179152074826,0.36917403506050717,0.37709637560351894,0.3663576914866823,0.4079571300772184,0.43755870455829304,0.49127654976287294,0.4928962245077739,0.5436501290750962,0.5919429117723175,0.5474010125705029,0.567527546651508,0.5721134451188015
FRA,0.8003651156580488,0.7769570535528879,0.7902733642034543,0.7471698174178181,0.7708231648233856,0.7888758351057099,0.7854653508228426,0.7961398158526753,0.7950008256572498,0.8028382471413666,0.7929152566567035,0.8035174591149797,0.789768017943972,0.791181844757142,0.7843864233286623,0.7944546648604303,0.7774037420865928,0.774447884448823,0.7833256434342734,0.7831613081370653,0.7782733984848558,0.7637393955964135,0.7564765388298221,0.7412470262523413
FSM,0.6678648063292834,0.6810978136427427,0.6738699993059422,0.6727372963757347,0.6726073244368413,0.7078213485647661,0.7315922690007243,0.7414271206910457,0.7365712678957579,0.6085115123221501,0.5734969712943843,0.5369178086073105,0.4991296806289382,0.5153444373754665,0.5326011824695029,0.4609501030690003,0.45324431900511253,0.5081265056141532,0.5198078856449254,0.5158086061456156,0.5249612844374708,0.5459585769443713,0.6109611572988991,0.6436976945195559
GAB,0.38064654957226457,0.4361078976199997,0.473035459098682,0.46000765137931593,0.42916889940684744,0.41394325636596724,0.4310005893403762,0.36071796775356507,0.3701688045241709,0.38626673243825155,0.4099799083824864,0.4182907363504526,0.42973790861721095,0.4274451232973688,0.40630924605925456,0.4160182646342479,0.39810561771947567,0.38874033224672533,0.36657772235305663,0.36744954475516567,0.36058292619485904,0.3751268927009932,0.3703686857007123,0.3438106217644
GBR,0.8288574561532914,0.8493578044467099,0.8364021744149659,0.8334063686413972,0.8364524491204526,0.8247060814737781,0.8149947505433275,0.8570765991688353,0.8468225027989453,0.842198002630676,0.8490629000960348,0.857527994370357,0.8347521946419294,0.8486339142532232,0.8407809209576725,0.8771927569206047,0.8568096772462256,0.8311602811936634,0.8319188274486873,0.8237919576019617,0.8172114271712702,0.7962889774148321,0.7832554649096606,0.7869701497975478
GEO,0.26214561484208593,0.2696447650660905,0.32457658956816954,0.29598451923097635,0.32973158505679334,0.36164830738390474,0.37221768024875185,0.41824025675271015,0.4412634375366172,0.45727535168175093,0.4697740105155857,0.46846389138115924,0.48542912967717505,0.5077042087717325,0.5098982744416206,0.5530538347728243,0.5525218144686809,0.5749697368284252,0.560431963922478,0.5620535748991954,0.5577710867382212,0.5525681903672447,0.5374055077895118,0.5423132978445897
GHA,0.4630437506784861,0.42253455841574217,0.5243909317193163,0.5134853665189943,0.5104695542972322,0.4841188685816857,0.482500670524542,0.5200231044703229,0.5166320966598769,0.4966717945929613,0.5006053197768655,0.5023856746874843,0.5083078910112732,0.5121998607985431,0.5392298391640283,0.5214326109839296,0.533208870947196,0.5157444807236429,0.5301572613042687,0.5190569774804912,0.5119698804008194,0.4932868691554777,0.4880329531493134,0.49393399646536273
GIN,0.22467580893570016,0.23554057789263608,0.23604922584446753,0.2967410751040876,0.28223247885535335,0.2531105688530239,0.22931681756571515,0.2297996139689405,0.2236957917144475,0.20636930641887397,0.20400758949014658,0.2171029209158979,0.22446119893300542,0.23410843956587007,0.2372474357558576,0.24029993228954896,0.275756080523078,0.26474638834664643,0.262438692724653,0.2671414734427322,0.26566868449243347,0.253024162861759,0.28092596875165965,0.29238932750661906
GMB,0.5122611148019036,0.5084107495305275,0.4803312918103137,0.4735103495878692,0.5409457327757267,0.43242688531082224,0.41918695849318444,0.4360254021437865,0.44400392414331386,0.42537259715241443,0.40695093347975053,0.39682552115457514,0.3991469621198944,0.39109354907387295,0.38134691813479576,0.3720885512951392,0.36244791404697285,0.3519986548764872,0.41954574824918983,0.4193707936790716,0.42896398373488,0.431404080732513,0.4291633497537499,0.42060961908960776
GNB,0.1803168463208797,0.13961149899361602,0.24974396663726517,0.2913595507375512,0.26802892619691965,0.27351451241309876,0.26150904387391827,0.26218961399048346,0.24858280124570745,0.23273868214987098,0.2443291443521438,0.2463086142886192,0.24895209904739854,0.20595350392920123,0.19233481914172296,0.24600333653574075,0.25119062304386436,0.20700400408641803,0.2198072645286874,0.2602932483529238,0.25296676961390246,0.23400744524599856,0.22175868178832392,0.22327371366768564
GNQ,0.256863258327313,0.24319235528495103,0.2465164335765533,0.2645012669600443,0.2679286577810398,0.27388381021478986,0.2655730993281126,0.2941171663368253,0.3151905572910125,0.3377580694063501,0.3148135906648934,0.3103920509110657,0.3108506817362462,0.30271809832261853,0.2793527474716764,0.25017096209816414,0.24661234656848324,0.23543084930860683,0.23965448655967686,0.22914655795528488,0.2562073221139486,0.2806096619413595,0.2730056068824316,0.23269480008276247
GRC,0.7158689309625965,0.6612902587524586,0.6780602918059114,0.6511102631303621,0.664048061681795,0.6855422427885653,0.6631137998282746,0.678523266346913,0.6777152064147808,0.676598555329292,0.6359849880244575,0.6236199979712155,0.6136868331225401,0.5851857349468821,0.6006872683371076,0.5823602824487748,0.558441857150899,0.5309800003030064,0.5185670698524767,0.5310741921999883,0.539910649297236,0.5657749451286831,0.5720960761095817,0.5728800231502491
GRD,0.5925175994251964,0.5917987086027491,0.5759339714919238,0.5794572050560759,0.5751999888913273,0.5640075562390605,0.5832227324937013,0.5598642308981643,0.5464924295706872,0.5340139584781044,0.5398669662683186,0.5321806879471744,0.5427790559932366,0.5455876224424412,0.5481486175790717,0.4818716044669977,0.5433067091653012,0.6304647340386123,0.5994826716414038,0.5579492200653351,0.5456797098032538,0.5731259055652296,0.6050831907049071,0.6177485820753417
GRL,,,,,,,,,,,0.8460214794522806,0.8484893188613367,0.8493665387108675,0.8452973082637004,0.8407053098612511,0.8496131353217108,0.8372113700356011,0.8408829221766292,0.8406198639365559,0.8431946688112212,0.8449241936119887,0.8431657263165862,0.8403476499396844,0.8410113369343791
GTM,0.28764961934999655,0.30438894198135075,0.33492960791911613,0.3142847578988423,0.2926679107256108,0.3002976768355981,0.3030067505324623,0.29329249256978723,0.2887181031932001,0.2884751361023152,0.30991492124222686,0.3234714124490006,0.30632488109458456,0.2960113542624099,0.2940453720904246,0.3211231364522477,0.3215774352697361,0.3063367531372868,0.2975104630864707,0.29767182451893875,0.2928458040360824,0.29291497566160996,0.2909294877468811,0.28752193049623825
GUF,0.6976227136014644,0.6969252252386421,0.6995797858873586,0.695308391178515,0.6986477602864576,0.6141872619678854,0.675387642098048,0.668118345860563,0.6193206676668219,0.6221619495551988,0.7358942336341199,0.7389197078063153,0.7430143448931905,0.7357777377515878,0.729461834450242,0.7179237544166575,0.756516721128199,0.7587814245008802,0.7369082746779492,0.7392517035093383,0.730994686101786,0.7368598498568283,0.7328448046301996,0.7318156601000924
GUM,,,,,,0.7036772212170403,0.726847737094996,0.7189524540378667,0.7232146578655256,0.7285299844712745,0.7299197627876887,0.7271998941959807,0.7232210505039038,0.7242846871817438,0.7252598338213749,0.7853179454800207,0.761409056453132,0.7143438535086406,0.7632567396907349,0.7636386588553777,0.7580887950115504,0.7288149603286443,0.7326397250444276,0.748789426304494
GUY,0.46888320045543685,0.43680552062630434,0.42571493113325415,0.407197846210074,0.395801387703636,0.38715016930422713,0.378525984974443,0.3980472878213073,0.41914621420462045,0.39486819128984524,0.39974096233139006,0.4152047194437271,0.40874056781427875,0.4071226448981641,0.40591983369211726,0.3881741856738773,0.402626536071387,0.4473278385211116,0.45021437232767814,0.43357464489479214,0.42143038819565837,0.4235992488251829,0.4271728800301751,0.44731548644512453
HKG,0.6563589704826831,0.7022400483948483,0.6653828235005188,0.7575157523507815,0.8108136840489295,0.816894675452072,0.8235289696106616,0.811354248360136,0.8055354722117863,0.7992913397405834,0.8013837931209217,0.810647686197418,0.812547095948491,0.8180209506195145,0.816499385604228,0.8735997663244802,0.8606838268496994,0.8397435104885633,0.8389011808631476,0.8486729257387103,0.8164405405483881,0.8134547569331558,0.7863396670564069,0.7601991384128441
HND,0.3263735883157744,0.3349714878961832,0.31288043808633725,0.33614740553015204,0.3249784476763251,0.34190303973935643,0.3574583075871579,0.31471863773953307,0.32645340263047,0.3181208209590119,0.333022201516006,0.3369877096492685,0.3310856184556828,0.28373343756378006,0.2785476965286709,0.3237043222571624,0.3238749214033307,0.2856682292803819,0.3001742965732742,0.30126240324051035,0.3043591799176928,0.31050971760648755,0.2953650655472571,0.30913684582820167
HRV,0.3843433795635828,0.42910164206039464,0.5030584106023008,0.48048383409468953,0.49989089926438296,0.5170216283035773,0.5252974277451558,0.49944852078562857,0.5164836595381957,0.5138375481338742,0.517544025257525,0.5247319982952028,0.5304141127725102,0.5374233217076296,0.5438939596404874,0.5517957055847681,0.5338998276376096,0.5758016052406709,0.5694535045848564,0.568125451523991,0.577336388733483,0.5552837445134537,0.5631386842854337,0.5812344990227459
HTI,0.23640058679268736,0.22897580660344088,0.2231129610579203,0.17226259028957763,0.167694780881431,0.16923369734374405,0.182245292231619,0.23137520029096106,0.24375507137603203,0.2563612605926955,0.24682845521167693,0.23722851541955892,0.23038541849020774,0.24726128132076686,0.25347754844519327,0.2770609046562104,0.27396653985358094,0.30981071889503736,0.29346619437011345,0.3003872908541811,0.31731709303457184,0.3060767858432424,0.26099107625148427,0.23837078389107585
HUN,0.6877749478449691,0.6687460771914129,0.672454463105953,0.6795486994001598,0.6671202629964211,0.6751315853190554,0.6736926094450132,0.7007621898247368,0.6938541830287768,0.6883418203218087,0.6604034967778761,0.6607007778787175,0.6575447814855705,0.628964302195986,0.6234415777949435,0.6089646520348775,0.5838841656735831,0.5900211043706632,0.6140878014128995,0.61783930836617,0.6068015635128995,0.6053209359703037,0.6083788358054814,0.5921476869467382
IDN,0.41270035067251026,0.36149793988447165,0.37209034263886054,0.3301223555668828,0.3401724963313749,0.36496596962087113,0.3521996014927583,0.37251463352198405,0.3716230243820379,0.37657449746603305,0.3887231447135035,0.38005870783656914,0.39113753651414157,0.3942951252128187,0.4041907772165057,0.447910879923959,0.42557812750114904,0.44250318203527184,0.440165601414267,0.44728859872711096,0.44082521983416983,0.43774297879901386,0.4591087451480343,0.4718091555320019
IND,0.570497623811824,0.5747322784121867,0.5772986885584324,0.5055084137746183,0.5325288101342379,0.5194062016951873,0.5350762135967344,0.5440843777218473,0.5279591684039189,0.5277533687682197,0.5124574513424213,0.5018911686918451,0.4919741508164359,0.49657382828792596,0.49995034582534487,0.495441589292326,0.4951877512037596,0.4980257057882554,0.5031409115666994,0.5087374816978529,0.4958386046256663,0.4975878349391266,0.4876566509595093,0.5314559884292777
IRL,0.8037744993767997,0.8215415147302779,0.8113650432549797,0.8222949562411024,0.8001261527472469,0.805668031647166,0.8201261190278356,0.8446040465354101,0.8483996814264959,0.8436670918122432,0.8513221474806495,0.8548016863077553,0.8519839611747206,0.8481997534174389,0.8446545554034748,0.8547784105475068,0.8484910516644135,0.7969497842098179,0.7799717562464975,0.7863603904445557,0.7736746796164192,0.7951118187192,0.8022753671364811,0.8089552059164828
IRN,0.3242148903421331,0.3746486507599091,0.40688166818919175,0.34750384565201775,0.3752519003932339,0.3766140006929339,0.33885570649050895,0.3136042931554372,0.3071033077524767,0.31672599643904287,0.30195163737245984,0.30725801896773086,0.31882325015222907,0.3284744949651767,0.3130923786356433,0.302142737452328,0.32413771035643946,0.3724089325342957,0.37120558275431953,0.3689970784003474,0.3575176795087981,0.3347953273887885,0.31914945033144776,0.30914220815123683
IRQ,0.20190342798091068,0.20481615287182134,0.23522146113140055,0.2117697042891934,0.1858725173966404,0.15058440422905103,0.17167573203670952,0.17876102332043847,0.1478819339168852,0.1616033458273118,0.17485430170237132,0.17357329190341675,0.2032243624994064,0.20052266492374776,0.20172621374191518,0.2244471491783282,0.2021714973001523,0.16181907981038077,0.16451785035381492,0.15517509132106375,0.16101829062629408,0.1557292604780494,0.1653947892082523,0.16506075629080108
ISL,0.8235082462225127,0.8349322890806337,0.8618694856469111,0.8741198648263736,0.885826073590929,0.8833450976612497,0.8898665254572656,0.8786247079173084,0.8679591176491801,0.8729473425497851,0.8442145405032416,0.8441556954474018,0.8406103569358909,0.8385294711869036,0.833804866516559,0.8437843604312825,0.8298909092748331,0.800356053566282,0.8173236144623679,0.8387633293535062,0.8480302899597737,0.8529377053547268,0.8453394106952166,0.8434505148438937
ISR,0.760144672197212,0.7041471972191227,0.7055520790218148,0.71907063589096,0.6878699944353605,0.6755510992855888,0.6675849703404996,0.683977509902033,0.6692913130460496,0.6734478978429225,0.6729706862171813,0.6876200375915236,0.7064008247018665,0.691360784774337,0.6997842449422991,0.7260737126935694,0.7311990397835664,0.713250759178494,0.7033613241912516,0.6975533546458745,0.7077288777627321,0.6928117966048861,0.6870776819365957,0.6946005059972314
ITA,0.7164386485147582,0.6664351384177147,0.6735543949833759,0.6543114294847965,0.64415363247509,0.6248198353125223,0.6089559880194932,0.5833736327129992,0.6007658825685911,0.5969106064689005,0.5873295518886945,0.5982564910100772,0.6038880658854816,0.5925928241533641,0.5946410032442757,0.5918930644135356,0.5656127641271922,0.5811183368218874,0.5717459972014762,0.5562448092010532,0.5625517382215989,0.5497256879064302,0.5561921518913359,0.5672669939510186
JAM,0.4431181280893654,0.46015425764234064,0.41424648519628865,0.4412951255874788,0.4105684408977868,0.4279906869796147,0.4282707102984608,0.43111321568630756,0.4401213622492271,0.4505097274413158,0.43002626812383227,0.4239947728356048,0.4360234761565828,0.4407667962709703,0.4462100107686686,0.4624122903085823,0.4713864013407962,0.4751145388687868,0.48266921196705653,0.46614343389866736,0.44790966813261807,0.4618568800899334,0.4703724627430947,0.4947969221530256
JOR,0.5633233566025371,0.5678804589268067,0.5793191954866943,0.5210273041000556,0.572689496768697,0.567357240208562,0.567693983557853,0.568582355400159,0.5802609154183226,0.5870809648959386,0.5514658817396556,0.5376344865933963,0.5483261567186442,0.5778526528231623,0.5826924303574735,0.600737970389299,0.5904834700889621,0.5572821464943567,0.5552834986427468,0.5544099990511733,0.5349691486120294,0.545998299698689,0.5448031309737801,0.5515846255829361
JPN,0.7736792457866893,0.7738160201484722,0.7622726246243681,0.7345352711129645,0.7375678404112719,0.7543591237186741,0.7494334670588984,0.7744054073571821,0.768179609815833,0.7659871221821929,0.7617469530531195,0.7681457733233187,0.7650108749784453,0.7743740061554785,0.7910109060752357,0.8228249129875277,0.8007463557512156,0.7809440695189355,0.8093531183851999,0.8024245286986377,0.8029814375577855,0.7984015219443586,0.8115380659838298,0.8150103223547613
KAZ,0.2758541009782095,0.2902311446906492,0.28285153446269007,0.2727331587229822,0.2934622136062882,0.28765371719511074,0.3216814854112499,0.2924363941847878,0.3062289915189124,0.3269556579439233,0.36682009232936785,0.3722811031829907,0.38288947582519595,0.3571050733383144,0.3682417050482548,0.38923473140568826,0.4076121851836345,0.40817121321411276,0.41322181902548466,0.41003601373616416,0.40876824583099286,0.4172831757559681,0.4090460446053485,0.4157404892761501
KEN,0.30825658186515736,0.306974635415891,0.3278449371662188,0.3190066228670248,0.3275464150037143,0.33916496500721266,0.3358941938264816,0.3356027667900891,0.31813230663346054,0.312496399750364,0.30804742785052897,0.32153891552566266,0.32958572518698587,0.34560726926813795,0.3684998927067068,0.4280312673543741,0.40936057178005614,0.41938496051503776,0.4244306254960149,0.4249215473406952,0.41769051912251226,0.3954135559338998,0.4260322682588973,0.4456846728790935
KGZ,0.36642090367460095,0.3526089528034084,0.3308185092030108,0.3411912674592789,0.3596073931869742,0.3531238411879424,0.28828750162860073,0.25016990836656333,0.24925566741345795,0.23727996093793544,0.2477222069392113,0.2595661969646348,0.27397330715208384,0.28600755427209484,0.2899266630905358,0.3251006337095015,0.3099481723282963,0.30411192765163125,0.3227950689669674,0.326609729567512,0.3294595466818554,0.3204195832786564,0.29307917046127124,0.2834616918920646
KHM,0.27431584017111477,0.2774064115399814,0.29600442305010244,0.28050478052269395,0.28202777392970607,0.2703669927052737,0.26500244512563903,0.2657012565070268,0.28397666223350077,0.28191556322235056,0.288145903517712,0.28831674853458716,0.30257830326358004,0.3161598381580659,0.31103307096821453,0.3215098793659964,0.3131931622091947,0.29658903334222214,0.29768589768987375,0.2860610604211573,0.3213605655981641,0.3196515300229676,0.32838168462740475,0.33870242366698033
KIR,0.6678648063292834,0.6810978136427427,0.6738699993059422,0.6727372963757347,0.6726073244368413,0.6275740789706737,0.6563555517090449,0.6827687158421194,0.6680381685938716,0.5874758800836578,0.5368716990686793,0.5210771009675317,0.532723835364319,0.5448531656626243,0.5539979636519733,0.4883001911914033,0.47858067481533706,0.5676391075577096,0.6268898910422792,0.622226484761683,0.6694650148463758,0.7072142586651627,0.6825769835232907,0.6311871255916001
KNA,0.6678648063292834,0.6810978136427427,0.6738699993059422,0.6727372963757347,0.6726073244368413,0.6791448392019627,0.6800344111274806,0.6898789454404003,0.6844361407272135,0.6959800631171179,0.7041464478988733,0.7007482922757352,0.7013345299977717,0.6999881420070524,0.7000085141513344,0.37650662544281316,0.6044672845842439,0.5995264424812878,0.6063563560575003,0.6109536523882757,0.5947122472086181,0.6038170033971371,0.5983455723087953,0.6076009594296474
KOR,0.6658232716015212,0.6618854766093596,0.6720289545774242,0.6896428627293072,0.6661280224885994,0.6875988341700899,0.7002918977031742,0.6735241763026909,0.7074275807736787,0.6779542278662273,0.7042236278845668,0.706967498140515,0.7103819866034653,0.7023765417615376,0.6945814100389993,0.7065533347888879,0.686254459977541,0.730402207947047,0.7309188876753023,0.7445680135979146,0.7361378095477075,0.734295558881913,0.7242701925181685,0.7367257449484341
KWT,0.6265533408771149,0.6284242764587088,0.6174511721850825,0.6251023173384369,0.6166424800139898,0.608608795165161,0.6125897229041817,0.6129053038104901,0.6254245718782171,0.6229555499481424,0.6229373789320931,0.6239888742802662,0.61556726399667,0.5801794326952591,0.579807734727144,0.5134878003462889,0.5048836789930082,0.5104476383263914,0.5243729055913622,0.5454128932538043,0.546671069274376,0.5695971047857866,0.5561238144699923,0.5639290883591882
LAO,0.30307692905707506,0.31390184354324324,0.3012597337871217,0.26284775133208066,0.23781094799970365,0.261491107020447,0.27841900077582743,0.3095829489554617,0.3210397160338517,0.3372104099690315,0.30271385997995753,0.3175332953427967,0.3120323363533749,0.3406174988945185,0.3510834304405544,0.36042378930688157,0.3480485078083385,0.3495598282108396,0.33121184379332885,0.3393725852569555,0.31864409236383656,0.33588049531567127,0.37853666278799775,0.3507949070201285
LBN,0.45334488597827927,0.4276241405882145,0.4763239358973386,0.4541768714718139,0.44079738961178,0.4692545588878139,0.46330775142293573,0.3908389558109926,0.37988508799314524,0.38985578910306645,0.3881217917970601,0.38227751534397125,0.3843443279220235,0.37137845327749397,0.36520846838660015,0.36730645971190695,0.3504308778764414,0.3498692623494768,0.350099268541672,0.3552735356104614,0.3414908316452553,0.33101688003092444,0.2945500392784308,0.2923337373106128
LBR,0.13021307951608524,0.15494896051953375,0.13946664602289374,0.1884987912059401,0.20767167184493793,0.20187354883596378,0.24965034843859923,0.33529925696467416,0.3309242687313437,0.291679674397872,0.30755346189233523,0.317732614529151,0.3247905087912593,0.33445407055580734,0.3356757669737662,0.35107523475032604,0.3367494141018137,0.3190649059326775,0.31826778139293577,0.31220957400862825,0.311455078766203,0.305538492909042,0.32377686582381254,0.3291441531056093
LBY,0.27645653104251144,0.28917434556008553,0.3129279145490174,0.2842847265210569,0.33065207815073006,0.3300485709385695,0.3162544047151726,0.2967477721538171,0.3211787500645118,0.3471693912419262,0.32361172266571053,0.3106449699115137,0.2971124569527225,0.31623426673346855,0.2612667090219938,0.23599363564846126,0.2100775284196096,0.17560748563436002,0.1786227269018989,0.17689633987967604,0.1627151965799525,0.13957119961395012,0.15457153727638762,0.15487147612248875
LCA,0.6678648063292834,0.6810978136427427,0.6738699993059422,0.6727372963757347,0.6726073244368413,0.6668087096864534,0.6713002289267027,0.6805947153440087,0.6756596453485992,0.6881185228874719,0.6837696086571966,0.676468091648985,0.6713167490965773,0.6505310034531487,0.6604269481600582,0.6319520293606153,0.6461336526936237,0.6166640346792904,0.6280871994277442,0.6330463998768118,0.6247736467440209,0.6386204527149418,0.6277228892889635,0.6388819069413563
LIE,0.7972261663005769,0.7985953148938733,0.8030630197999447,0.8005991377384559,0.7586796574445014,0.7212354923404016,0.6987148361569125,0.7170489464416795,0.7829218769011075,0.7879547097728127,0.8254297843372024,0.8264973783626097,0.8252285918502243,0.8222296482981111,0.8187769210861809,0.8506763036743948,0.8323104877765729,0.8324802790618473,0.8298663690366636,0.83005515090701,0.8304205381936492,0.8460730420519461,0.8437494702071674,0.8468665253636006
LKA,0.5406017977082602,0.5215514309300479,0.5402618463316512,0.5754860418965557,0.5570393667335342,0.5503989989830788,0.5400535996970124,0.5438414047768979,0.5348300384785315,0.5087739032514713,0.48896124532061214,0.48566541581700773,0.4859304702930582,0.48651591332584576,0.45675594981352696,0.47960413504886457,0.5151574183102772,0.5299909005007614,0.5141705924461916,0.5088452160811071,0.5166957705871289,0.5074361612222931,0.5124355271393023,0.4977436525725616
LSO,0.5282456575369487,0.5418169522091975,0.528197313209214,0.5251149463116724,0.5255558949351852,0.4841974769591048,0.471767773150413,0.4624535819521722,0.4475610468865603,0.4605315960015522,0.4653600781185093,0.4519354204431236,0.45584212449899747,0.45602232431086187,0.46898779795197665,0.4677572004290233,0.4707140327685238,0.4723570227886084,0.4500738864890347,0.4370056710898104,0.42551592806638006,0.41324810377486,0.4244903662237154,0.413191055916806
LTU,0.5972952653357053,0.6174114582118615,0.55182624916603,0.5870839329066142,0.6042424592390859,0.6190753238257707,0.6222928815606618,0.6477178796147707,0.643656716068414,0.6432869265253093,0.6507612789323086,0.6614190598784622,0.6597896981204144,0.6748603430968825,0.6719577574455973,0.6930672913936916,0.7010715888389872,0.7048302377508853,0.6977144233751201,0.6902971480964971,0.7027268372700277,0.6955877822584007,0.7200747016089686,0.7171958834593456
LUX,0.8448202722598928,0.8553741435620793,0.8655072247116826,0.8763611285250015,0.8678083403652356,0.8713341263014873,0.8661921268359399,0.8402582466674217,0.8522670871477247,0.8604054777932856,0.8663655944736882,0.8711617592278554,0.8671211434477143,0.860865841421543,0.8640041351237966,0.8825639547174533,0.8701223115443181,0.8469562330472148,0.8427417749692006,0.8562820621255799,0.8527067742203487,0.8504117702100804,0.8522894262576615,0.8564386934739733
LVA,0.5351818179923594,0.5553827601595415,0.5381740937650654,0.5698619133911302,0.6232200131636835,0.6147709004853066,0.6200807711029891,0.630101758626526,0.6495308833745788,0.6616155222813654,0.6640886537646833,0.6579379287458261,0.6543166981428004,0.6621254230029889,0.6586059594563419,0.6799822162888547,0.6594591308091169,0.6912417950603498,0.6857791567768102,0.6902791292861236,0.7013017355287293,0.6901054391939262,0.6955555614876742,0.6900329658760495
KSV,,,0.5042443862507509,0.49662790667178824,0.34510647747079687,0.35272205332856016,0.3475232108972145,0.3403170917232614,0.3600318596920313,0.38570304457247206,0.392267839277925,0.38910934905332284,0.4069075899865712,0.4054576553038807,0.4023305194484666,0.4177428076261694,0.4149222081474902,0.43874549904400784,0.4234380571605839,0.4335604722047615,0.42848638574088527,0.42938204589343,0.4499311234193206,0.43702603152596353
MAC,0.550555563009731,0.5484606831196787,0.5461290531551862,0.6441810646210974,0.7502287065898876,0.7782522067715509,0.6503939246800144,0.5942946533752241,0.5697007978293691,0.5988286497071141,0.6476174355769574,0.6497937308683319,0.6437094026484537,0.6360855374354308,0.6342796990505082,0.6955634995990668,0.684005878698352,0.6703244149237243,0.668950337208162,0.6998396712245007,0.6821939755026604,0.6684380011957278,0.6622929077868704,0.6644480816137136
MAR,0.5523819052553857,0.5343317639289034,0.528215324702007,0.4992982996378067,0.48674639516077745,0.4992941249580966,0.45596075711505335,0.4464247788311035,0.4441722636206049,0.43316785766437066,0.45730077002958786,0.4669810041696862,0.45481211942141614,0.4515034021949276,0.4412428136675639,0.48323951199863097,0.4733384566934577,0.45527161664813504,0.45416643952896607,0.46007381986978124,0.4624303032648914,0.4719792102501765,0.46069036701050164,0.4701692066983985
MCO,0.6678648063292834,0.6810978136427427,0.6738699993059422,0.6727372963757347,0.6726073244368413,0.6712414072871207,0.6614565727234504,0.7022727257826018,0.6811678867941954,0.6861010600727234,0.6943271797281148,0.6822461586331574,0.693492518927127,0.6909924704554734,0.6914476356745002,,0.8061216279769206,0.8061850392030305,0.8104311092290685,0.8107646035725904,0.8056297226494128,0.7776128492687056,0.7820642096268358,0.8007121211823187
MDA,0.4851319202886232,0.4964436324310674,0.41685948198741835,0.38592903487645536,0.4029623837488174,0.4368220056717923,0.4398747597843194,0.4072436015778062,0.4094115958057923,0.4256311419087978,0.42355806548178526,0.4386800037709542,0.44455926996725376,0.44547719898096194,0.4363304164637648,0.46094505101138095,0.43593665452674196,0.40866887894103815,0.4233170185240396,0.42372586638514703,0.4204436036759029,0.41049311079645906,0.43877410200290495,0.4526171730807075
MDG,0.42966178236311814,0.4360413661775385,0.47091372954203514,0.4677377620080209,0.46049109172963065,0.45503071018793606,0.4396265708679461,0.42084457196626224,0.432435385412402,0.4194211093630094,0.36501561208739736,0.33637648678016435,0.3331272000159605,0.3266712674929983,0.32810633285198876,0.36424724271222836,0.37048431518170594,0.34533829842297126,0.3363597792802273,0.34458757319805106,0.30988853111969145,0.33618980066489057,0.335049674780962,0.32381880434152405
MDV,0.5123610052647475,0.4742090585231291,0.558755476945617,0.49530471980199586,0.5245311877859301,0.4503120766633294,0.5266766760631426,0.5020675867780756,0.4831703754974901,0.4751864384883476,0.47914811220939607,0.4462278012705287,0.40240769943416016,0.40196925342319934,0.3619946572529564,0.4067244748506113,0.3936058910808692,0.431480704582084,0.38353538988022395,0.3994619342035002,0.4280057787577638,0.4492709664254886,0.47233663015510086,0.503551965678346
MEX,0.3661904759897654,0.4043988423751466,0.42514629072895094,0.4403305396801133,0.4346941234934097,0.4284068465672188,0.43369492250295816,0.4161033066284963,0.40227741137578665,0.3735296463405119,0.39836126471395683,0.40049007183452234,0.40091114298219904,0.4038001589120919,0.4010560779098236,0.4291027953110911,0.41965774821022517,0.39499606747366584,0.39383334490096467,0.3828521268940123,0.3794813097518504,0.3819221619237973,0.35057398633595793,0.3386910550738207
MHL,0.4692165162499931,0.4772591051308486,0.6738699993059422,0.6727372963757347,0.6726073244368413,0.6712414072871207,0.6068895442475012,0.6322762040335347,0.6804630340182963,0.6641865922629125,0.574839870262692,0.5883038613971094,0.5428944132602334,0.5298246406798658,0.5568634052643306,0.4696346223140264,0.5092664266286935,0.5320018067633271,0.5654581114525826,0.5411393354681467,0.5990610619197978,0.6258756860846453,0.6601069767054131,0.6515291682741927
MKD,0.44849930121203485,0.4437758439383223,0.3917408446881109,0.395722193919772,0.40938031168537764,0.4710631223397375,0.45055216940856996,0.4033188494412366,0.42616897237190676,0.445993785044186,0.45158896520091196,0.44956275641387694,0.45598590032186115,0.4595095963571047,0.46360896352805453,0.4980047438469802,0.4623620360923211,0.44160945957805964,0.44828432240327987,0.44848167462397937,0.44887513214965086,0.48815977852856546,0.48929994978149355,0.4900131958222961
MLI,0.4506033456399818,0.4641717147435222,0.46139524027562623,0.4570671635877566,0.5148345959262456,0.4707911044540251,0.48141687244874015,0.45246479763716846,0.4730963794203689,0.4461693718532647,0.4376015446019297,0.4210706910596634,0.41066771412271036,0.37832151421137367,0.3621726910609747,0.38417581282279895,0.3613183840196966,0.35201471842933485,0.35299840029493246,0.34876518579442417,0.33903012248669795,0.32229528406871155,0.32835228551574264,0.3126287952719391
MLT,0.7159565077667512,0.756665156786364,0.7768857744641587,0.7986481888039753,0.8114194626380962,0.7669001689061508,0.7870444261672747,0.8144969209025974,0.8257521793745293,0.8258964001062911,0.7983954337173319,0.7859135614133042,0.7600767182170899,0.7718483988384413,0.7693391594856029,0.7429166288494103,0.7262550013614212,0.6990557885785423,0.7271235806118256,0.7091910591482495,0.6898394422134995,0.6824750525531074,0.6731845234833688,0.6635555592397134
MMR,0.1984457833548435,0.20753723910893462,0.22824859130134728,0.17180550493741162,0.17426802885594814,0.16786649229984463,0.16794870678096424,0.20731042923592843,0.20460999613819075,0.20601623608383507,0.2073985211977547,0.20420496512710393,0.2261321596730266,0.24241435011969928,0.2646747814303081,0.274347054042756,0.26164565432189657,0.3319698514744234,0.32041055631127624,0.30402877652019983,0.297073141055884,0.27424589580907993,0.22056892514599802,0.20867194412918355
MNG,0.548488481144714,0.556657833937145,0.5090253631606566,0.5562499432155749,0.5675756787694063,0.5440530965284649,0.4661029823133258,0.44671244755811984,0.44200556899492643,0.44315115086692136,0.4571906843476273,0.4372597960275349,0.45740798136590405,0.43679397055714675,0.437782903518555,0.4439151238396893,0.4323008941357542,0.4645027006204278,0.4467838554362669,0.45424456787310036,0.4582788202851857,0.45628498447455274,0.45982073402849644,0.47210997248777037
MNE,,0.3531124491785249,0.5711418987288063,0.5627610385878385,0.4744714142754687,0.4665630122599096,0.481657594505909,0.46714679127487757,0.47076433674433277,0.4914619611556129,0.5056739224458693,0.4964298680620321,0.49736327083159465,0.497438151633476,0.5022047570209668,0.511727142716085,0.5001059841780561,0.4826571789375819,0.4873594181546996,0.509548645015901,0.5075739129384296,0.5011746692547251,0.4925141297211976,0.4842929069907177
MOZ,0.3506639633065367,0.34544988859949516,0.35137424865424427,0.36510229907375585,0.37111417739201524,0.37534260326780433,0.3844391871823526,0.3871432263837908,0.38926565257410706,0.3877954511202947,0.39098739146915756,0.413137151691361,0.39502649690067093,0.39131252620864654,0.3478701344645821,0.35002371598589516,0.33826718568333747,0.29781997918201014,0.3108588540102168,0.29926757223892114,0.30148940044357886,0.30038890657596895,0.3044339011963179,0.3082771881720173
MRT,0.4099988521350429,0.4191312043833736,0.4292488717812832,0.41335853484662305,0.3877819750639334,0.36004412981111605,0.3664784725443909,0.3536194345760529,0.37101403776555325,0.28103705547864094,0.34884194428747745,0.33260245338689476,0.3263010096247376,0.3243833234844553,0.31075959249342217,0.3374264132390651,0.3337407645108442,0.36243052747555976,0.3872517958630591,0.3699532812874221,0.3894490721214183,0.3900738178793993,0.37416682613138225,0.3795483387897897
MTQ,0.7466450824968812,0.7464134020422536,0.7507300486692868,0.7464357177359326,0.6986477602864576,0.6987055516106967,0.675387642098048,0.668118345860563,0.6712676569121093,0.6753459494510433,0.6772514825535298,0.6753235635085909,0.6719125055274077,0.6729039615905933,0.6743606050311423,0.5127770719190785,0.493133663898303,0.6684232840777034,0.6689080240303258,0.6693867460046947,0.6154658950166738,0.631219170740393,0.6337907441714827,0.6449440716732312
MUS,0.6848963521497952,0.7087245136279342,0.6944549739550331,0.7053711415978299,0.6905362632129747,0.6856545705772098,0.6938136611946619,0.6720329470493782,0.6761322556796836,0.6932588480905868,0.6852069102688064,0.6832125827167599,0.6926472622694868,0.710060996541606,0.6987593504629815,0.6953163644142943,0.6745798514528805,0.643947862109713,0.6402183313143835,0.6483799743039353,0.6456964009118104,0.6839354894274191,0.6751083798075802,0.666067175342718
MWI,0.4349373247468726,0.425496363782992,0.4052569311420587,0.43213777648395146,0.47350693081423106,0.4833064678607647,0.4846070434066234,0.4652717285778473,0.47625743665223197,0.48575492885297894,0.4858540952412263,0.4818930010725583,0.4763753697075862,0.4616237449002903,0.4770061919844651,0.4522120074261383,0.4442872433004447,0.4314096655099972,0.43148970227914185,0.4292975366190464,0.44135822069410846,0.45419508346631426,0.46000528926431083,0.46590823807833825
MYS,0.6112832830492614,0.5643884275261669,0.5472976678437551,0.5861441623784474,0.6004765337250779,0.5990750297175728,0.5940670766197751,0.5971440372887983,0.580990958233545,0.5574994025341824,0.5823677288187538,0.5862973047044292,0.588014313515405,0.5835235201791474,0.5759871966458927,0.611892164292586,0.5879521140806361,0.5851056571992863,0.5849370718512884,0.6128620188579554,0.6054436722855382,0.6213254857023608,0.6136174390425635,0.6192989959202322
NAM,0.5583103455930556,0.5439128477794316,0.5325217442784481,0.5637352310149646,0.565531767291478,0.5044984903333707,0.49593872668993494,0.5475112797284614,0.5405071082158001,0.5949340986890361,0.5584461657423333,0.5509964852899537,0.5409659556413652,0.568654348684751,0.5715838688865654,0.5494603114568349,0.5554274998470918,0.5987271519377,0.5632085057121151,0.5736426087097427,0.5805163106880324,0.5744202333608053,0.5750410803118633,0.5883898868741853
NER,0.38026112967708137,0.37466510068101033,0.35856939731142023,0.3818695690087889,0.4062997390585896,0.3813526434098268,0.3672228168390618,0.39075875512804337,0.3885116724893533,0.37517425208238436,0.41230955089209853,0.41087453821968817,0.4288415108525457,0.37850248675974535,0.37808354649152803,0.38113632402031294,0.392425887309915,0.3743291827548066,0.3701968806172675,0.39005223979784087,0.39929300931976425,0.395748630874823,0.424833221216291,0.4136798059035758
NGA,0.25558545655567644,0.27534662383926783,0.28088618452966524,0.21508617229701218,0.21182342118457603,0.2261327450794715,0.24291709717456622,0.2976856635272958,0.3005031076652371,0.30497146822652665,0.28183145202434956,0.2812955007159287,0.2773664165716669,0.2852255683430178,0.28890957793319305,0.30158027894008277,0.31595969940268875,0.30510597121130334,0.3342928730371439,0.3286524936488084,0.32449696258353633,0.3434019261089682,0.33802894867652716,0.32944082538374797
NIC,0.4075820718761096,0.390067565738568,0.3394476577794475,0.3758175083921526,0.39887584868713943,0.35403445262108946,0.38818763831398073,0.36120197009406685,0.3540627043361196,0.35017414202597275,0.35435218782311506,0.3444416547875991,0.3664007422766391,0.3647633838665543,0.37645681906248235,0.3686191634157876,0.3605822588315119,0.3798443085801945,0.37880829137842426,0.29703984313729903,0.2729105134595245,0.27338211689152364,0.24074884536774438,0.25162595469253846
NIU,,,,,,,,,,,0.35545038689746106,0.36351625739262966,0.363781727507256,0.3541749618759907,0.35391608343793374,,,,,,,,,0.40043195268267423
NLD,0.8419244773233682,0.8512098665245206,0.8516032362392254,0.8442821198232391,0.8447169597304994,0.8503244744010191,0.8531928488996654,0.8565563835856529,0.8565817433928453,0.8526047964176497,0.863878085408084,0.8648036598299623,0.8649689317774822,0.8728474019615143,0.8674766490735638,0.8965822613604677,0.8835779020962515,0.8716344163914553,0.8542524579811646,0.8516427394661262,0.8497588546939715,0.8444551893846048,0.8426214388203901,0.8344932810794857
NOR,0.886721932781665,0.8919290762763992,0.8685640064205505,0.8720756723533517,0.8784304232263801,0.8943134367264146,0.8845939101057356,0.8950617266605241,0.887699514712107,0.8934931183833266,0.8769365596440654,0.8801534148912226,0.8751056190307861,0.8921661424703197,0.8960762360295094,0.9065736273178934,0.8969371113310991,0.9008130405701653,0.8978746982932264,0.8865004383991785,0.8902149359570033,0.8883200689599425,0.8837490281082202,0.855068491149076
NPL,0.5077124760827807,0.5107368073403622,0.4674863240858785,0.40727082297749334,0.38897938882255845,0.36100679558534227,0.34682842711216755,0.386865790561431,0.3932668587923786,0.37745376623812105,0.33846026443698934,0.3205361728262196,0.3337865198785764,0.36408613885859603,0.3677065147682123,0.38142593629672633,0.37281889266764845,0.3496445248152855,0.3725608572148722,0.41239891903997467,0.40017581394677937,0.40834646048745343,0.4128984814837815,0.4207916570777091
NRU,0.6678648063292834,0.6810978136427427,0.6738699993059422,0.6727372963757347,0.6726073244368413,0.6712414072871207,0.6614565727234504,0.7022727257826018,0.6076527796081486,0.5806299205167912,0.601869818626097,0.5990329741185723,0.6181048370214408,0.6517154094805684,0.6302931514096166,0.31140110429198464,0.39073809028053896,0.40120816650420466,0.49636009200435016,0.49673298786040315,0.4824547658781663,0.4886637564004828,0.4943376868956908,0.5042929471788702
NZL,0.8739694153700382,0.8724186736975386,0.8615983019653827,0.8607609600028774,0.8719924978056625,0.8720909631696921,0.871613177845635,0.8614759051858862,0.8677667062588753,0.8724502153967889,0.8865961406447882,0.8746556990535055,0.8810906974419986,0.8788440714203356,0.8762788906276241,0.9026024173258578,0.8950101406446008,0.8848759355146233,0.8788773459226629,0.869122999326642,0.8710761025568399,0.8701043044420734,0.8589328527567913,0.8491020754953265
OMN,0.6169932555557648,0.5922062392993556,0.6145829733083698,0.5974337725005651,0.6004862983045787,0.6093143621369227,0.5690845755892256,0.5651855227955864,0.5877909809566815,0.6240552359548583,0.6168489645752295,0.6143736553799367,0.5996447531237991,0.610841792924787,0.6045685833154667,0.6042518608665908,0.5780763834582684,0.584131031571391,0.5885724809984093,0.5945992169322398,0.6124530304993011,0.6253425915596754,0.5843316796303754,0.607234904779661
PAK,0.3860999618502328,0.35309019202549036,0.31241921976467035,0.3259241249555208,0.3280873656831745,0.3135859816418412,0.33403981353914913,0.3405365137669331,0.33458526014010603,0.31787516099848045,0.344125347977299,0.363998480097539,0.33083668021906004,0.3353954275354398,0.340782923047714,0.36142044377929783,0.35631587520183644,0.34872069490461294,0.3648711923174443,0.37462092591067936,0.37373568599285356,0.3689727723247558,0.37958483302756385,0.37682796674853924
PAN,0.4761256411722628,0.4833182169681135,0.4720637370867534,0.4915734927914924,0.48132613152275083,0.4877721135996661,0.48902382234253805,0.4784291716274009,0.47472735104614006,0.46885774698321325,0.48981904723836617,0.49315352966601017,0.5140088193998169,0.4653015843065364,0.4591501626540099,0.49619909937794243,0.48112969253610527,0.515579378543992,0.5103582722823197,0.47766323461601035,0.4712026949443269,0.4528631901391703,0.45614555822157454,0.4382058128424686
PLW,0.6678648063292834,0.6810978136427427,0.6738699993059422,0.6727372963757347,0.6726073244368413,0.6712414072871207,0.6614565727234504,0.7022727257826018,0.6811678867941954,0.6603989657319926,0.6671016821958605,0.6558501117845315,0.6833043861554466,0.6853309696026064,0.6851736825989948,0.5630706483484091,0.6892957049993617,0.6923266585758813,0.6966050196214191,0.705713651200603,0.6627187207267508,0.6435743142572321,0.6493143064062292,0.6960846752488188
PER,0.3720680035289237,0.3638350229099983,0.367879701410867,0.3993329574555632,0.3932957193301114,0.40178832770734324,0.371269848673839,0.37051026039534324,0.3612837045419017,0.3654658013516426,0.3863008733421172,0.39772666071144397,0.39483400355346393,0.39460918406237044,0.3961492479213154,0.4063457988376732,0.410880848901164,0.41154389194876934,0.40608010626859775,0.39756377722221925,0.4067325417514218,0.4331564539468243,0.40453688121485043,0.4006158405551414
PHL,0.5235617503226526,0.5142800817453363,0.432606763149142,0.4329968838580776,0.40081341523029,0.38538050903759835,0.4434072954568807,0.4289994944898267,0.41796046759644195,0.40084550721159856,0.39597887122959613,0.4001439092955331,0.4094555364135454,0.4063085318633918,0.41685290201897784,0.43638776873317014,0.4269909181449116,0.42435495585894906,0.410742090011533,0.3979993547416002,0.3962354548743891,0.38109428012944135,0.3779276878796419,0.40710854831097126
PNG,0.38774053999576447,0.4070998140468136,0.3598671731509563,0.3621591213395823,0.32324943803322914,0.3591046578402361,0.30994765717062484,0.3449662492109892,0.33970476829004087,0.3289495757114585,0.32977003455209336,0.3257524837858806,0.3496993656910423,0.34537882025708616,0.32387486286268624,0.3568052398653734,0.33810676090118125,0.35557532434092837,0.34774503310731025,0.35866411607420257,0.35169400936256917,0.36920942873416485,0.3612480181650215,0.38789820165950084
POL,0.6596843835009797,0.6658273109059909,0.6333270554346184,0.6406191356909383,0.6091618871742881,0.590700573923112,0.6012654391583335,0.5841112741038762,0.5892794705078321,0.617084087219753,0.6357890407792256,0.6488540247348741,0.6650692446842519,0.6695792393519017,0.6738378019514735,0.6801463759641293,0.666768937172588,0.6256003108929715,0.5873759687657094,0.5828739941663545,0.5856382365665846,0.6112327507649389,0.5928509122927205,0.593509980430565
PRI,0.6976227136014644,0.6969252252386421,0.6995797858873586,0.695308391178515,0.6470668256911566,0.6639039111988065,0.6239275705173578,0.6108116444928755,0.6220197074972207,0.6144933007491423,0.6584194957955173,0.6583895581099258,0.6516373630933363,0.66471663096624,0.6400962740706251,0.6594204237349811,0.6497244187452577,0.6325623389956655,0.6254451547688192,0.6181804481178621,0.6185642522912574,0.6276466459535817,0.6219401273451031,0.6136271567895486
PRK,0.282233673084501,0.2824033941210019,0.2994646902970427,0.2505778429936168,0.2796458956030169,0.25840224503839937,0.28468369272137467,0.23521808919027795,0.2613674691792873,0.2662655649036379,0.24491916379981424,0.2373044075110738,0.2367059347943392,0.24295364995298485,0.237446520779634,0.19081362878656108,0.18352285984067765,0.1799441999943239,0.1703277049079446,0.1861727372378351,0.18260611334798815,0.192938279521368,0.18782894573544517,0.18263854486503478
PRT,0.7615921247565763,0.7530170209031314,0.7446791471574115,0.7657602186441556,0.7596195157836348,0.7511335342073592,0.7494175440035975,0.7004970826621063,0.7059665936173088,0.7075640273078525,0.7168293956085899,0.7104200614386406,0.7046469469929919,0.7124487523490018,0.7129302608580484,0.7288325927707643,0.7253139019606245,0.7137985825296171,0.7254406073315554,0.7264876184663607,0.7261183440809273,0.7358243126883428,0.7262093396587203,0.7277343468639027
PRY,0.37858200837121847,0.34508125816115126,0.3145736676875218,0.28827457585429767,0.3022145785312443,0.31605769644156245,0.3196794422022597,0.31817327337647355,0.3194661200937437,0.33001029706520296,0.3403932179773542,0.3458079114730578,0.351779408454749,0.34965616269540983,0.35828169346001715,0.39024378478660715,0.3823620831589993,0.3732880022681924,0.3774209834772075,0.3905330575272825,0.3973283852907311,0.42476890846425597,0.3959687554062285,0.39292413844328533
QAT,0.5019337965256455,0.5427181766500009,0.6048502047939074,0.6118730215018382,0.5922720624000184,0.5754992076875012,0.6221732127751984,0.631649140066032,0.611024802687587,0.6405599745156183,0.6861743997921386,0.6750962033535266,0.6563920342386902,0.6959982224250383,0.6959601944223786,0.6783414976457762,0.6550448852195925,0.6594132466519669,0.6455076307495928,0.6473534172703144,0.6477407572986368,0.701109968085514,0.6867096603209545,0.6895065332764224
REU,,,,,,0.7185922183279424,0.726847737094996,0.7189524540378667,0.7232146578655256,0.6753459494510433,0.6772514825535298,0.6753235635085909,0.6719125055274077,0.6729039615905933,0.6743606050311423,0.7398945032020796,0.7166964849293433,0.7143438535086406,0.7160823935686592,0.7165126907219073,0.663006857778923,0.631219170740393,0.6337907441714827,0.6449440716732312
ROM,0.5046153206293345,0.4872076837312177,0.4732076739666382,0.45675282374311127,0.46766454229692694,0.4722357909679372,0.47863257987777275,0.4824647324228905,0.4881621172273128,0.5058670200422911,0.5195209786780455,0.5298274916092524,0.5294931762331915,0.5271739159068793,0.5462848942048789,0.5564991800094845,0.5491175003697427,0.5980132312159697,0.594552618579227,0.5811168264732596,0.5905494571034295,0.581325523870861,0.583790506496466,0.5883137137875769
RUS,0.35292336289682713,0.3408214427917874,0.29605547049209635,0.3371467997047304,0.3208108923626751,0.32915778136764623,0.3195760828403509,0.3149517465858862,0.3110110596858868,0.31024539488849323,0.3505051893705551,0.3526083908132213,0.36214051712276385,0.34046310379874456,0.34754704864765024,0.357101115990747,0.3488748675459378,0.3431075134997068,0.34293091979154283,0.34540684951766726,0.35748929900435006,0.3507656484060132,0.33501453868614,0.27413410659436477
RWA,0.21385798957564403,0.22194982870070773,0.23965589153514458,0.29849195553196445,0.3207022409265045,0.34161963277125884,0.33942629044420924,0.3762306765528234,0.3950663982039543,0.416131669570751,0.4098812791046522,0.44394026119243263,0.4491864805673628,0.4597194060269514,0.48010602741032204,0.522722213085979,0.5165473444418187,0.5279742938429386,0.5318778264593972,0.5304539101661496,0.5213411441539486,0.5242013141812697,0.5426585881279761,0.5376957874292724
WSM,0.6951230749143222,0.6974520324983938,0.7011262540928106,0.7563707675933604,0.7586796574445014,0.7033631740756174,0.7270432394313296,0.7028067569578834,0.6957940560733202,0.6761995657127164,0.6402016823550911,0.6423238626747005,0.6515761178710725,0.6538892460648744,0.6569882824109342,0.6655990141006148,0.6551226857361176,0.6797373056485727,0.6932146147796113,0.6882267996635177,0.7372765187480395,0.7072142586651627,0.6825769835232907,0.6945551252896239
SAU,0.5314289968016201,0.518098876413019,0.47643377570859236,0.5054234145882162,0.5303258203089766,0.5113048012364229,0.5044748783302954,0.5111385975779581,0.5222803922068634,0.5224257735069021,0.5177865825638985,0.5382979921120931,0.5180666029557125,0.5372800786046308,0.5389783748985959,0.5349768086553607,0.5278135324520765,0.5707393322788524,0.5238174734199716,0.531970060171821,0.5373195525612094,0.5511416602342206,0.5494571766053227,0.5660125557505974
SDN,0.1732592096376072,0.18087040665516274,0.18842702037579717,0.24956544108783316,0.20309369978090813,0.20806574404737652,0.18482611508453783,0.23862672358877943,0.22903961590593333,0.22507973938267065,0.25944576715079315,0.2462534690015111,0.25328860266104225,0.26463598069114114,0.25687742516327927,0.279185133898377,0.26669274769459916,0.25707543303919705,0.2878457539252907,0.2852160847586107,0.2778920178941422,0.2950306111371656,0.2693387848254782,0.26053506804717685
SEN,0.47326497940352796,0.5224466959332423,0.5246375444288367,0.5264571823071814,0.49870514314334974,0.5128904592933882,0.5108537184955911,0.46545434319129686,0.46182078978260627,0.4538419077581153,0.4367916640557539,0.4308439638460473,0.4193445030756318,0.4535387433225028,0.4625422183419922,0.49409294895031003,0.47773210768425106,0.48492029293176514,0.47567960536674403,0.4649449488462482,0.4665129775710653,0.44625573686607856,0.4301183584116771,0.45736261236642545
SGP,0.7523698189539246,0.7520476814954334,0.7589138902712287,0.7794560834173274,0.8108677287719213,0.8306964519592523,0.8420456096249437,0.8180860946487013,0.8223732367909123,0.822209978641563,0.8151287852029483,0.826915405396773,0.8351469693321019,0.8475858025543016,0.8423026030542481,0.8665563901422051,0.8583311720127388,0.8597415800522707,0.8593701982036358,0.8630249843040824,0.8699269965380468,0.8694971442936968,0.8664285373746422,0.8584286538939411
SLB,0.6541888804996243,0.6525916692635296,0.6211608811181881,0.5365819521487836,0.5502007862149052,0.35390083945410894,0.34898793294670283,0.39034652361768446,0.3554087293748431,0.38451622667049945,0.37628915865666734,0.3816656368196488,0.40703867419770984,0.4051911782901692,0.4081778985557133,0.41263397728978923,0.41272162434271736,0.4497965970182861,0.47154169796249523,0.46925962850762665,0.4874583342816918,0.5015089114549804,0.4372287226534404,0.4614027539673463
SLE,0.2374611793570139,0.25074866459423417,0.2557779616110123,0.2448573214629766,0.2742497126591006,0.28296812401025334,0.2828317008923374,0.31396737394068364,0.31363508553443814,0.32339088393844223,0.3292639506804905,0.3228789928349061,0.33949783881990303,0.3384990417598985,0.33846459644468146,0.32514693935929184,0.3359491869079141,0.35131331955146067,0.3503460993150932,0.3523890273101941,0.3509301944495414,0.35300712285096125,0.3439414718129607,0.3461541325526915
SLV,0.3379871623644913,0.3732395540308137,0.3511033108434227,0.3976438608238795,0.40739970606039916,0.41249650629433693,0.4096874744470087,0.37304681481289986,0.366919295305518,0.37253612964664023,0.35505776650300575,0.33886639601219254,0.36126734828583157,0.3658060629936674,0.38381986228805126,0.4167884956019116,0.3878687322990653,0.3601169894972464,0.33749310274126637,0.3261983410424337,0.3388800945230029,0.35657576053897855,0.3388377228045221,0.3633014717680015
SMR,0.6678648063292834,0.6810978136427427,0.6738699993059422,0.6727372963757347,0.6726073244368413,0.6712414072871207,0.6614565727234504,0.7022727257826018,0.6811678867941954,0.6861010600727234,0.6943271797281148,0.6822461586331574,0.693492518927127,0.6909924704554734,0.6914476356745002,,0.8061216279769206,0.8061850392030305,0.8104311092290685,0.8107646035725904,0.8056297226494128,0.8264107382087668,0.8314886942092438,0.8526347692276278
SOM,0.08765084636190501,0.0893213153605125,0.07865895653595993,0.12841435967353246,0.10658129848394716,0.059363679117465595,0.07295887739837507,0.047224503746273336,0.03371660127442506,0.0,0.027614183995399923,0.03626358763482964,0.04961787945554016,0.033918121589012355,0.03628325729137777,0.046232122740904824,0.054083312984605225,0.053903382459705454,0.0643889953704185,0.05738922026015837,0.04126361432936353,0.05447853258367589,0.06070088793512901,0.059718903748221655
STP,0.5617240964438853,0.5605323669818402,0.5495938719372354,0.46967313327700316,0.46606635050503714,0.4634453804781281,0.4040977092998979,0.40859013006607225,0.41907871684152526,0.4117321001207998,0.37170525057128645,0.37473674272173535,0.377421615716168,0.3623118070485371,0.357612562185385,0.3535821441855137,0.3567289145730893,0.3739581404419097,0.36613294224436216,0.36876605360093806,0.3729365710711992,0.3704231870407311,0.36597393414580254,0.3883035722063257
SUR,0.4930161201382346,0.5081133415611331,0.5013775835684091,0.4837991751951019,0.49853938530848063,0.4736158427562696,0.48223865723497267,0.46447233851516384,0.4604657143602449,0.4629353656022479,0.4844408757872429,0.4975794914337709,0.49954284586257675,0.49683037095426774,0.49933164512066536,0.4822089127335081,0.4664046364003105,0.4745659398541242,0.4749307680776086,0.49163304179858214,0.49245857757661027,0.48296205568704564,0.48423332724978957,0.4838559566932235
SVK,0.5402685141110585,0.5420890052192965,0.5678439295646459,0.5650435383164442,0.5740986461843723,0.6000857924853108,0.6052881707715835,0.6048605430717241,0.5931209485776169,0.6126317785031822,0.6138218161406017,0.6195222231057956,0.6263423369781207,0.6043730341466175,0.5999928650662497,0.6042139323830267,0.6005469581203976,0.626267112249953,0.6095790595150418,0.6017653587000718,0.6071009520769425,0.6374349695396635,0.6423746291216009,0.631210471600622
SVN,0.7188545272477664,0.7401554071464358,0.6988791831622495,0.6823907189006573,0.6757728746631688,0.6884108631579184,0.6824793845607995,0.6856810894891631,0.6946741150036112,0.7068972025346132,0.718890166792131,0.705744677742182,0.7142353894025323,0.7071363293592198,0.7042409442072065,0.705279115704694,0.6946146142925532,0.7153256971980012,0.7037477041530045,0.7101065177467603,0.721997527617837,0.7128585134441634,0.7058905141957317,0.6999842197838717
SWE,0.861686159764631,0.8529596698045389,0.8625358420949946,0.8708411672423788,0.8795317600792706,0.8767525312740514,0.8620574245319769,0.8725517014580741,0.8805368561126221,0.8859050800447307,0.8935903661019509,0.8880956709614893,0.8856850374702274,0.8876966813449138,0.8920719622814666,0.8969082156689795,0.8998724797432979,0.8924387311273158,0.8660146316018509,0.8593439251623894,0.8609122290282356,0.8559887032479192,0.8429076323231653,0.8409053081190816
SWZ,0.4158128806371245,0.37878887930071187,0.3683895552999749,0.35531225439272607,0.3883391415019169,0.35163581996194765,0.33626116171052206,0.39133535705999706,0.3724805979912785,0.40447953479950954,0.4145743596379397,0.4164729322577965,0.40409245235002283,0.4037623533638812,0.41211924111093096,0.4478409531241175,0.44625684913832386,0.4342139789813797,0.45469515521372816,0.45455634363751707,0.4146748739245264,0.4103762636700601,0.39586147382113895,0.39061517834337095
SYC,0.6267048206487933,0.6308226398308859,0.6514213129907872,0.6416304955732501,0.6591512538516232,0.6092646728378809,0.5877539949774937,0.5425674549796686,0.5703514009900207,0.5797629979666259,0.5320584214206119,0.5207090581309068,0.5087221039852433,0.520355793148225,0.5417678717328583,0.5580386350457268,0.5752699156911688,0.5653624150610372,0.5422104829106745,0.5641454721434109,0.558262225183286,0.5557382101717788,0.5684962772365032,0.5993229786173037
SYR,0.40164415380809704,0.40342615444258395,0.40952106681098577,0.398879443082711,0.4140377116958494,0.41533520654029193,0.3921673835319828,0.3261288064649103,0.34497216181608253,0.3671046115697107,0.3951452758683381,0.392417539414011,0.3559517758093759,0.2872654053920898,0.23270620380030882,0.2422296192619514,0.22701136990447013,0.11754450938865489,0.09718500988587572,0.10544870092689969,0.09889097793130101,0.09891355120381576,0.09995800996652131,0.1024253342179058
TCD,0.2621877641061176,0.27506000884385223,0.2867644145565575,0.2910828876516987,0.2106850163955954,0.24707804910351794,0.21354648309819196,0.20387027655443446,0.20577905280862557,0.18957516632802074,0.2090318051789831,0.21161721761842978,0.21730694677006912,0.2213710724730369,0.23436433243105814,0.28294814994235384,0.2711476673239142,0.23258221471528218,0.2493606659134125,0.24743650517784976,0.2507854983677463,0.24738737786899503,0.24543675676212356,0.23931968090571837
TGO,0.36528625719499647,0.3597110803764922,0.38143390953250567,0.34588587590338754,0.32115348392235055,0.29232397273111216,0.29984049781840094,0.3225627211489927,0.3261856728469664,0.3452240270849297,0.33289924274632243,0.3251496556451961,0.3333350661364102,0.3226982310328546,0.315601922399833,0.34032353119415515,0.34802822932908767,0.38071459721741796,0.36498912829983077,0.38730827587686156,0.39270081759269065,0.37651930534640937,0.3937002703079135,0.39915382308342845
THA,0.61492466334212,0.6089741356192846,0.6226618866591304,0.5849286888309977,0.539118933913045,0.5211802049458789,0.5074410465305453,0.49530207815541333,0.4819280727726713,0.47754770172708016,0.45784338911741596,0.46303503397652174,0.4637952369317846,0.4750670506979778,0.4816187498612587,0.46566140730491706,0.4719676572539867,0.5033935583531505,0.5116083734442122,0.5081245268488997,0.5263225651681479,0.5304785748031887,0.5275647844725483,0.5221467365979156
TJK,0.18517824876926492,0.20767612093391905,0.23752039907297845,0.2960857945459414,0.29941776411642074,0.27652207314808075,0.29280508316377624,0.27671125309480976,0.25434320066337324,0.25444091670715335,0.25897528769916817,0.2706766024658443,0.2668455153604563,0.2717129357870949,0.2608087806845471,0.31018193682986767,0.2978823366765193,0.27992703119410833,0.23846079598604128,0.25293609431619046,0.2627493796330822,0.26369806590140465,0.2718490544936595,0.26224881029019015
TKM,0.2167575311134159,0.2318609705589264,0.23984448607542863,0.2292133645387751,0.24984151876724084,0.18912447361423285,0.19239387494388294,0.1865759417808139,0.2013259596474186,0.222142404004817,0.22337459090626818,0.21952226525505972,0.2273837118196746,0.2377131148746345,0.24147882378825783,0.2448558462387355,0.23018537339986173,0.21669580585786724,0.21824116179107397,0.22131979086846498,0.23205511475230797,0.23402936286329504,0.22243112646343416,0.21580568365029112
TMP,0.2008104975645687,0.20075050511209686,0.5627733906638256,0.3444086378641076,0.4244943996741206,0.39255823599897455,0.40892425664855464,0.29080788712014966,0.2725274468982497,0.3025358027556814,0.2726272001564581,0.2761249802483865,0.27580939934207815,0.28425562011261724,0.27072085919307765,0.29038786970407376,0.2863239079149106,0.27800664047605067,0.2778753689348497,0.28526308118800603,0.28726669328626847,0.2738340974994902,0.3073243103935495,0.3354001810357723
TON,0.6678648063292834,0.6810978136427427,0.6738699993059422,0.6727372963757347,0.47465861847544616,0.5117009496194062,0.6188141388863209,0.6305497116381518,0.6078656099752509,0.5299281888353531,0.49504787857836713,0.5285451529376679,0.5110293916521205,0.5044029926141377,0.5123533975421172,0.477473305349032,0.4659160971598608,0.5683721417998654,0.569678610925108,0.5926364486416369,0.6067810450170062,0.6059675817833878,0.5932132437577174,0.6256838835170433
TTO,0.6138769731358388,0.6257055318473751,0.5901795621871646,0.5943777986525911,0.5549310781088618,0.5160163617705988,0.5073885577995901,0.46436674290063557,0.47916784918768535,0.46471215904640756,0.46813692431949777,0.46991843028553876,0.473699371474858,0.4761776633159875,0.46878010745346044,0.4880947852415382,0.47833319424076204,0.46764125190151723,0.482959125727789,0.4756659185640626,0.47549742980812815,0.4753166241005932,0.47794498488386894,0.4759498875223473
TUN,0.44932807867825153,0.44617492150636223,0.45383423307962284,0.47616748017087873,0.4714908759019825,0.5180976068127916,0.5018012444078463,0.5311139778854989,0.5248027007585837,0.5245551265189775,0.5324955458765235,0.5165574331901382,0.47104280288203554,0.47674058137229197,0.4738253538688294,0.49544667501081596,0.4998061748531309,0.5132202330130738,0.5272633118615616,0.5194240807397721,0.5259660760594709,0.537002303246533,0.5218344822637302,0.4921676071572448
TUR,0.4816620494489546,0.48937864011581494,0.4949895311180055,0.49278225026350314,0.5291655271730217,0.5255629446922977,0.5319998061368018,0.5082626639271226,0.501892132417205,0.513412858808489,0.5185325784365021,0.5187430671778248,0.5119618378309642,0.5017344700217106,0.5080491925399632,0.4940344492842727,0.463284004410499,0.4417625667796548,0.44639426159313167,0.4321911538435961,0.44065337377227387,0.42633271055454103,0.4239500711994735,0.41893785048869264
TUV,0.6678648063292834,0.6810978136427427,0.6738699993059422,0.6727372963757347,0.6726073244368413,0.6587813589353583,0.7567371617790848,0.7209554104809109,0.7035887194707027,0.7010226020276793,0.7085630819466928,0.7039556639384853,0.7040229739715181,0.6188779013562977,0.6251133463958586,0.6085576891825225,0.5945774398124901,0.6186608443546634,0.6341008690897249,0.6297200150838166,0.6192570925269074,0.6366796430200865,0.6509162126020117,0.6685458916035201
TWN,0.6581532061118681,0.6546696513965503,0.6685368646361399,0.678343136783822,0.6950520768206866,0.7023979793455493,0.7083285447086142,0.6609281731581684,0.6615044121381263,0.6614861708733037,0.6927953232675271,0.7067325862423116,0.7105768567008385,0.7139863809171362,0.7139165770526481,0.7418011251605535,0.7311130552849416,0.7265609581857758,0.7258543491905421,0.7203599116289163,0.7256810220503407,0.7486175743885336,0.7556945060682295,0.7560888826820195
TZA,0.4723427505794821,0.47626161060018396,0.4427262453070307,0.4418444300169075,0.4482731001617314,0.4323835301095141,0.4526868832801644,0.42157998295858423,0.434502168720132,0.4391446350121947,0.41461283840356195,0.4133925411070064,0.40778500887429336,0.4033182523266628,0.41518633768135776,0.43019150494696545,0.431300393542995,0.43135485390456263,0.41678399382635045,0.39647898395546116,0.3962614586286709,0.3878764713722667,0.399590934367695,0.4218759410408601
UGA,0.39491951972693273,0.38196160661005363,0.3388071997124858,0.3718368967726121,0.40272813921396117,0.3726059569273861,0.4024314786439514,0.44500198359119786,0.43866977086629755,0.44118033323770134,0.4280932677509518,0.4309684680887454,0.438271916938225,0.43894150482988414,0.4408752311067563,0.43141016310547536,0.42747086361875036,0.4558042662642068,0.4461034902119574,0.4457860360050253,0.4411678640804253,0.4407235113184355,0.4367445505450696,0.4336442204507667
UKR,0.34715637180259196,0.31597634836198124,0.29408625687653533,0.34313960548101535,0.3472210123822361,0.3566750805964177,0.350888923295177,0.3475838707130335,0.36231815285439967,0.3708322690644165,0.3543885766877291,0.3431074549590623,0.34173596473998635,0.34837573830290014,0.34301270107189324,0.34600560322949536,0.3375392210609944,0.34865708464031175,0.3606879715273292,0.359664528855995,0.36266463151286915,0.36906488017479394,0.37508596108236686,0.3284496620237847
URY,0.6192740224812935,0.6302076001117611,0.6183155248009548,0.641376675046877,0.6378848661006864,0.598570251302342,0.5990572157994549,0.617265820796503,0.6269218074016543,0.6294674824516222,0.6573821672833104,0.6634746092365148,0.6526324369683514,0.6296686632304713,0.6222332052276702,0.6585885611768,0.6537763094535273,0.6305939449491272,0.6182755064163825,0.6210464926988577,0.6275027998819446,0.6363767888498899,0.6460667056125866,0.6597224700442839
USA,0.8036132081931051,0.8167231747799785,0.8162660191790391,0.8068909457105303,0.8142657087731258,0.7875227500652611,0.8091232878149381,0.8217714155493131,0.8254025278131285,0.828853498805724,0.8215081933954351,0.8293068609729005,0.8214425576248346,0.8272089047719804,0.813252979039733,0.8245745055212258,0.8159007021411733,0.8193851817986739,0.8246637917121996,0.7987943296688763,0.7886484866587744,0.7712343777265305,0.7820890542763567,0.7783659863681787
UZB,0.26551385619589024,0.2619291315387675,0.27305279064188925,0.22605336396554512,0.26405270512571577,0.2463361986403022,0.21846296058491188,0.22339615727969775,0.26835691771985976,0.27838841914314666,0.2484211588181459,0.23065479911988584,0.2236304603551984,0.2537089713209851,0.26629043296941657,0.28613500896327515,0.28536817335299175,0.28741789206285334,0.28599467533030737,0.2932200192519105,0.29651016738596725,0.29035155108823313,0.32780918054056524,0.34115336824603704
VCT,0.6678648063292834,0.6810978136427427,0.6738699993059422,0.6727372963757347,0.6726073244368413,0.6791448392019627,0.6713002289267027,0.6805947153440087,0.6455675061207756,0.6986226112255854,0.6893698408715419,0.6824952841998426,0.6987190744995735,0.7029644069134909,0.698211796398823,0.629572574616608,0.6301171431078976,0.5938810403056553,0.5924711649859882,0.5962149796985728,0.5987872204930096,0.6260331370020614,0.6228482683630527,0.6354924036254737
VEN,0.3615643132671927,0.3701383633890369,0.33896763620277093,0.2812609617356805,0.2464256721613384,0.262082203615976,0.26171583284650934,0.2320685791005403,0.20043621209996718,0.18760925440480883,0.18953994827629647,0.18105457552272347,0.17766596202463708,0.1720920965165694,0.15813848899384364,0.13392949720704928,0.10580874930676169,0.06364693416088262,0.06523853720323523,0.06386620399887864,0.06504774153471848,0.05059283876510899,0.057145082356383645,0.07732708662507377
VIR,,,,,,0.743450542943403,0.726847737094996,0.7189524540378667,0.6712676569121093,0.6753459494510433,0.6772514825535298,0.6753235635085909,0.6719125055274077,0.6729039615905933,0.6743606050311423,0.5127770719190785,0.6719839134055547,0.6225027029386373,0.6217336662001212,0.7165126907219073,0.7105477971249144,0.6800170713885831,0.6832152287538907,0.6968667431347981
VNM,0.4141625144958344,0.4298189991179564,0.44104669665446306,0.37554932199162205,0.3838343569516266,0.39026791524026533,0.4465484693588432,0.4069982811530128,0.41263437536617176,0.41769289001861404,0.40451721155830234,0.3947398701971265,0.40248394276954197,0.3999219114635039,0.4076680212503476,0.438104947312015,0.4389805690019513,0.5217297793940303,0.5168792852629875,0.5019827174787285,0.49906115075522584,0.4718566349217143,0.47514841048568784,0.4778024735389262
VUT,0.5724824970497857,0.5744898147708443,0.6852367308731089,0.684743924019676,0.6878988315568355,0.599462562930022,0.6105435283411184,0.6204061634213138,0.6249175747725603,0.6090614197202169,0.5891214283299065,0.5607929372445227,0.5675140003463733,0.5748778572869006,0.5810044635602284,0.5541834467570028,0.533365613522814,0.58801797815975,0.6158586793249337,0.5858710644178442,0.5501965712885021,0.5673829395514924,0.5969059349254703,0.5719039164440483
WBG,0.5011351543196955,0.4987323579572144,0.4899551396016408,0.4404394779654419,0.48785860740189785,0.45600055889924107,0.4415059948429907,0.43200065673236615,0.3859782441422124,0.35985936382898154,0.447089232708241,0.46781241303787263,0.423141068762965,0.4213765073864712,0.43017576922172696,0.43361670634785715,0.4055363456382021,0.4378734483333853,0.4233622177556491,0.4099967212555835,0.4097349977422044,0.4156698307182525,0.4084745122932075,0.40031251805978885
JEY,,,,,,,,,,,,,0.8493665387108675,0.8452973082637004,0.8407053098612511,0.8496131353217108,0.8372113700356011,0.8408829221766292,0.8406198639365559,0.8431946688112212,0.8449241936119887,0.8431657263165862,0.8403476499396844,0.8410113369343791
YEM,0.23789878238269416,0.23544211252860647,0.22267978370496339,0.21940548837743412,0.26134335043375806,0.2666339026387594,0.2599830063533927,0.3047790568362219,0.3185711858451906,0.31559081138550904,0.2941697826680915,0.29435746397432155,0.2551593274963159,0.2579515289083537,0.27584930064536145,0.2740273518750756,0.25586851227990703,0.18022313445718258,0.1621672795637982,0.15400610489940225,0.15718437015371275,0.16004782723822192,0.15478307974931116,0.14559575783580575
SRB,0.2609341981612992,0.2605642447043898,0.2578907168868591,0.33142770656581566,0.3311914716490469,0.36388895055170106,0.3225723686472044,0.4034527904358262,0.41772878128774993,0.4123311875143015,0.41572766302094266,0.42445781762537976,0.4450761019011847,0.4435466163366988,0.45026763260603375,0.49035197784953144,0.4940269619358426,0.4839859403402457,0.473596231640366,0.475472608574865,0.48068668035487433,0.4848158915463844,0.4863519717144719,0.4866718802379242
ZAF,0.5261973964891349,0.5398997695184578,0.5381487954255497,0.514306031715401,0.516311097816921,0.5098126105444942,0.5065778988457822,0.5445401342013834,0.5089756851238286,0.5099896911461748,0.523151531146948,0.528126388291384,0.5343950785629499,0.5255128309735834,0.5355404906670758,0.5394614405887859,0.5121299233882098,0.5177761835501632,0.47846267736527387,0.4654264368660692,0.47279590785440295,0.4616569872052631,0.5224948251241085,0.5128024796564236
ZAR,0.14031248808697885,0.13209473974374933,0.15131236885139415,0.16169251493699668,0.14548069034499922,0.17137359206237568,0.20553404850331242,0.19037590867959184,0.19174302005846008,0.19980851589350399,0.18598709314603323,0.1893047319667418,0.18962153051845562,0.18227955021677367,0.19761726932152704,0.22159570463406805,0.19462244703078574,0.1853077172586156,0.1720438121929953,0.1547212139962157,0.15256080663575533,0.15098803026467017,0.17029450065439075,0.18040962153426507
ZMB,0.4044807290286571,0.4168556183048821,0.4042623958409729,0.4403448001811107,0.43392580680482074,0.4147204536703251,0.40726550748697377,0.4009545918485384,0.40491467911812123,0.4294222925865158,0.41470084255442147,0.411412210623057,0.41927015645713145,0.4381664676753079,0.4574609138166505,0.4648121025617105,0.46124169694622963,0.4476219994056017,0.4421866235002004,0.4385642279383493,0.41571662225539213,0.38160304516256177,0.3895279849101888,0.4069481586532018
ZWE,0.34898477175190046,0.3568278950947904,0.2374774770724395,0.1953609958016523,0.19325854367923548,0.17717569583517498,0.14849478421590614,0.1648422591893123,0.1536545566211202,0.15702043293288723,0.14159771281233657,0.14795981639031267,0.15654035281556616,0.18870874137333354,0.19714006940391476,0.22577798877387134,0.24600951842779872,0.23575774026743052,0.2346694228538742,0.25504716362147595,0.25287621894500767,0.2477502127835346,0.2580450300257307,0.2660824966001935
